{"version":"0.0.0+unknown","repo_commit":"unknown","stage":"stage1-mamba2-decode-fideslib","backend":"fideslib-gpu","encrypted":true,"config":{"input_mode":"fhemamba-m1-payload"},"status":"passed","passed":true,"parameters":{"d_model":768,"d_inner":1536,"num_heads":24,"head_dim":64,"state_size":128,"n_groups":1,"conv_kernel":4,"conv_dim":1792,"proj_dim":3352,"state_group_count":3,"batch_size":65536,"ring_dimension":131072,"multiplicative_depth":43,"scaling_mod_size":59,"first_mod_size":60,"security":"128-classic","secret_key_dist":"sparse-ternary","tokens":2,"tolerance":0.05,"baby_step_in":64,"baby_step_out":64,"chain_mode":false,"n_layers_total":1,"n_layers_loaded":1,"max_layers":0,"final_norm_applied":false,"auto_bootstrap_headroom":12,"streams":1,"stream_stride":65536,"bsgs_layout":{"mode":"2","in_replicas":2,"in_window":4608,"in_diagonals":384,"out_replicas":2,"out_window":3072,"out_diagonals":768},"bootstrap_norm_margin":1.5,"state_bootstrap_margin":1.1,"carried_bounds_source":"payload-measured","carried_state_abs_max":5.97666,"carried_fifo_abs_max":6.00534,"bootstrap_before_token":[]},"measurements":{"max_abs_error":0.0334298151596,"per_token_max_abs_error":[0.0140789911034,0.0334298151596],"token0_decrypted_sample":[0.0847163875404,-0.389707311831,2.34374646937,0.694668752264,-0.833727963602,-1.9571542833,-0.0840682440285,-0.105115482594],"token0_expected_sample":[0.087377846241,-0.396354675293,2.3496131897,0.697291016579,-0.83098334074,-1.95756387711,-0.0830003321171,-0.101791858673],"max_interstream_deviation":0,"per_token_bootstrap_count":[7,7],"required_application_rotation_key_count":836,"estimated_token_output_levels":[61,66],"estimated_required_depth_without_bootstrap":66,"segment_requirements":{"residual":18,"proj":10,"fifo":9,"conv":6,"dt_decay":7,"decay":3,"state_pre":5,"state_tail":4,"y_gated":4,"y_out":2,"newton_iteration":2,"max_segment":18,"assumed_bootstrap_output_level":18},"rotation_keys":{"mode":"compact","budget_gib":45,"keys_total":33,"keys_gib_est":11.408203125,"per_key_gib_est":0.345703125,"required_indices_count":836,"base":33,"direct":0,"composite_apps_per_token":4413},"required_rotation_indices":[-61320,-57232,-53144,-49056,-44968,-40880,-36792,-32768,-32704,-28616,-24528,-20440,-16384,-16352,-12264,-8192,-8176,-4608,-4096,-4088,-3840,-3072,-2304,-2048,-2041,-1913,-1536,-1530,-1402,-1024,-1019,-891,-768,-512,-508,-441,-380,-378,-315,-256,-252,-189,-128,-126,-64,-63,-32,-16,-8,-4,-2,-1,1,2,3,4,6,8,10,12,14,16,18,20,22,24,26,28,30,32,34,36,38,40,42,44,46,48,50,52,54,56,58,60,62,64,66,68,70,72,74,76,78,80,82,84,86,88,90,92,94,96,98,100,102,104,106,108,110,112,114,116,118,120,122,124,126,128,130,131,132,134,136,138,140,142,144,146,148,150,152,154,156,158,160,162,164,166,168,170,172,174,176,178,180,182,184,186,188,190,192,194,196,198,200,202,204,206,208,210,212,214,216,218,220,222,224,226,228,230,232,234,236,238,240,242,244,246,248,250,252,254,256,258,260,262,264,266,268,270,272,274,276,278,280,282,284,286,288,290,292,294,296,298,300,302,304,306,308,310,312,314,316,318,320,322,324,326,328,330,332,334,336,338,340,342,344,346,348,350,352,354,356,358,360,362,364,366,368,370,372,374,376,378,380,382,384,386,388,390,392,394,396,398,400,402,404,406,408,410,412,414,416,418,420,422,424,426,428,430,432,434,436,438,440,442,444,446,448,450,452,454,456,458,460,462,464,466,468,470,472,474,476,478,480,482,484,486,488,490,492,494,496,498,500,502,504,506,508,510,512,514,516,518,520,522,524,526,528,530,532,534,536,538,540,542,544,546,548,550,552,554,556,558,560,562,564,566,568,570,572,574,576,578,580,582,584,586,588,590,592,594,596,598,600,602,604,606,608,610,612,614,616,618,620,622,624,626,628,630,632,634,636,638,640,642,644,646,648,650,652,654,656,658,660,662,664,666,668,670,672,674,676,678,680,682,684,686,688,690,692,694,696,698,700,702,704,706,708,710,712,714,716,718,720,722,724,726,728,730,732,734,736,738,740,742,744,746,748,750,752,754,756,758,760,762,764,766,768,770,772,774,776,778,780,782,784,786,788,790,792,794,796,798,800,802,804,806,808,810,812,814,816,818,820,822,824,826,828,830,832,834,836,838,840,842,844,846,848,850,852,854,856,858,860,862,864,866,868,870,872,874,876,878,880,882,884,886,888,890,892,894,896,898,900,902,904,906,908,910,912,914,916,918,920,922,924,926,928,930,932,934,936,938,940,942,944,946,948,950,952,954,956,958,960,962,964,966,968,970,972,974,976,978,980,982,984,986,988,990,992,994,996,998,1000,1002,1004,1006,1008,1010,1012,1014,1016,1018,1020,1022,1024,1025,1026,1028,1030,1032,1034,1036,1038,1040,1042,1044,1046,1048,1050,1052,1054,1056,1058,1060,1062,1064,1066,1068,1070,1072,1074,1076,1078,1080,1082,1084,1086,1088,1090,1092,1094,1096,1098,1100,1102,1104,1106,1108,1110,1112,1114,1116,1118,1120,1122,1124,1126,1128,1130,1132,1134,1136,1138,1140,1142,1144,1146,1148,1150,1152,1153,1154,1156,1158,1160,1162,1164,1166,1168,1170,1172,1174,1176,1178,1180,1182,1184,1186,1188,1190,1192,1194,1196,1198,1200,1202,1204,1206,1208,1210,1212,1214,1216,1218,1220,1222,1224,1226,1228,1230,1232,1234,1236,1238,1240,1242,1244,1246,1248,1250,1252,1254,1256,1258,1260,1262,1264,1266,1268,1270,1272,1274,1276,1278,1280,1282,1284,1286,1288,1290,1292,1294,1296,1298,1300,1302,1304,1306,1308,1310,1312,1314,1316,1318,1320,1322,1324,1326,1328,1330,1332,1334,1336,1338,1340,1342,1344,1346,1348,1350,1352,1354,1356,1358,1360,1362,1364,1366,1368,1370,1372,1374,1376,1378,1380,1382,1384,1386,1388,1390,1392,1394,1396,1398,1400,1402,1404,1406,1408,1410,1412,1414,1416,1418,1420,1422,1424,1426,1428,1430,1432,1434,1436,1438,1440,1442,1444,1446,1448,1450,1452,1454,1456,1458,1460,1462,1464,1466,1468,1470,1472,1474,1476,1478,1480,1482,1484,1486,1488,1490,1492,1494,1496,1498,1500,1502,1504,1506,1508,1510,1512,1514,1516,1518,1520,1522,1524,1526,1528,1530,1532,1534,1536,1664,2048,3073,3328,3336,3344,4096,4609,8192,16384,32768],"plaintext_coefficient_floor":1e-08,"pt_cache":{"mode":"off","budget_gib":40,"encode_level":0,"bytes_per_plaintext":46137344,"entries_registered":0,"entries_cached":0,"bytes_cached_gib":0,"hits":0,"misses":2941,"encode_seconds":0,"encode_threads_requested":8,"encode_threads_effective":8,"encode_selftest":"passed","pt_reuse_check":"skipped"},"executed_bootstrap_count":14,"state_bootstrap_count":6,"peak_rss_gib":54.7630500793,"rss_gib":53.8183479309},"layer_token_summary":{"t0.L00":{"level_in":0,"level_out":28,"bootstraps":7},"t1.L00":{"level_in":0,"level_out":28,"bootstraps":7}},"ckks_levels":{"t0.L00.bc_expand":25,"t0.L00.block_inv":15,"t0.L00.conv_silu":24,"t0.L00.decay":19,"t0.L00.dt":25,"t0.L00.gate_silu":24,"t0.L00.gated_inv":27,"t0.L00.output":28,"t0.L00.proj":16,"t0.L00.state0":19,"t0.L00.state1":19,"t0.L00.state2":19,"t0.L00.y":19,"t1.L00.bc_expand":25,"t1.L00.block_inv":15,"t1.L00.conv_silu":24,"t1.L00.decay":19,"t1.L00.dt":25,"t1.L00.gate_silu":24,"t1.L00.gated_inv":27,"t1.L00.output":28,"t1.L00.proj":16,"t1.L00.state0":19,"t1.L00.state1":19,"t1.L00.state2":19,"t1.L00.y":19},"timing":{"setup_seconds":29.235956266,"pt_cache_encode_seconds":0,"rotate_keygen_seconds":3.805395533,"bootstrap_precompute_seconds":9.501363672,"bootstrap_eval_seconds":14.852331719,"load_context_seconds":13.526336868,"eval_seconds":228.23330371,"decrypt_seconds":0.171752152},"phase_timings":{"bc_expand":21.931307465,"block_norm":2.891345207,"bootstrap":14.852310887,"conv_fifo":0.670068891,"conv_silu_poly":3.028971829,"decay_exp_poly":1.456938505,"decay_expand":3.568943774,"dt_expand":3.164392236,"dt_softplus_poly":2.652188524,"encrypt_input":0.540720843,"gate_silu_poly":2.713478875,"gated_norm":5.57876345,"in_proj_bsgs":65.640801407,"out_proj_bsgs":102.265857661,"readout":0.651963052,"residual_add":0.012133075,"skip_gate":0.106223024,"state_update":0.178530726,"x_expand":0.531438183},"phase_operation_counts":{"bc_expand":{"rotations":128,"rotations_direct":36,"rotations_composite_steps":320,"ct_pt_mul":512,"ct_ct_mul":0,"adds":544,"unity_level_align_muls":0,"bootstraps":0},"block_norm":{"rotations":32,"rotations_direct":32,"rotations_composite_steps":0,