{"version":"0.0.0+unknown","repo_commit":"unknown","stage":"stage1-mamba2-decode-fideslib","backend":"fideslib-gpu","encrypted":true,"config":{"input_mode":"fhemamba-m1-payload"},"status":"failed","passed":false,"parameters":{"d_model":768,"d_inner":1536,"num_heads":24,"head_dim":64,"state_size":128,"n_groups":1,"conv_kernel":4,"conv_dim":1792,"proj_dim":3352,"state_group_count":3,"batch_size":65536,"ring_dimension":131072,"multiplicative_depth":43,"scaling_mod_size":59,"first_mod_size":60,"security":"128-classic","secret_key_dist":"sparse-ternary","tokens":2,"tolerance":0.05,"baby_step_in":64,"baby_step_out":64,"chain_mode":false,"n_layers_total":1,"n_layers_loaded":1,"max_layers":0,"final_norm_applied":false,"auto_bootstrap_headroom":12,"streams":1,"stream_stride":65536,"bsgs_layout":{"mode":"auto","in_replicas":14,"in_window":4608,"in_diagonals":55,"out_replicas":21,"out_window":3072,"out_diagonals":74},"bootstrap_norm_margin":1.5,"state_bootstrap_margin":1.1,"carried_bounds_source":"payload-measured","carried_state_abs_max":5.97666,"carried_fifo_abs_max":6.00534,"bootstrap_before_token":[]},"measurements":{"max_abs_error":0.122412648027,"per_token_max_abs_error":[0.0438681087806,0.122412648027],"token0_decrypted_sample":[0.0918110015409,-0.380602316517,2.33470371324,0.701646489363,-0.829499081432,-1.95980122858,-0.0777794585322,-0.101144770337],"token0_expected_sample":[0.087377846241,-0.396354675293,2.3496131897,0.697291016579,-0.83098334074,-1.95756387711,-0.0830003321171,-0.101791858673],"max_interstream_deviation":0,"per_token_bootstrap_count":[7,7],"required_application_rotation_key_count":246,"estimated_token_output_levels":[61,66],"estimated_required_depth_without_bootstrap":66,"segment_requirements":{"residual":18,"proj":10,"fifo":9,"conv":6,"dt_decay":7,"decay":3,"state_pre":5,"state_tail":4,"y_gated":4,"y_out":2,"newton_iteration":2,"max_segment":18,"assumed_bootstrap_output_level":18},"rotation_keys":{"mode":"compact","budget_gib":45,"keys_total":34,"keys_gib_est":11.75390625,"per_key_gib_est":0.345703125,"required_indices_count":246,"base":34,"direct":0,"composite_apps_per_token":1042},"required_rotation_indices":[-61440,-61320,-59904,-58368,-57232,-55296,-53144,-52224,-50688,-49152,-49056,-46080,-44968,-43008,-41472,-40880,-39936,-36864,-36792,-33792,-32768,-32704,-32256,-30720,-28616,-27648,-24576,-24528,-23040,-21504,-20440,-18432,-16384,-16352,-15360,-13824,-12288,-12264,-9216,-8192,-8176,-6144,-4608,-4096,-4088,-3840,-3072,-2304,-2048,-2041,-1913,-1536,-1530,-1402,-1024,-1019,-891,-768,-512,-508,-441,-380,-378,-315,-256,-252,-189,-128,-126,-64,-63,-32,-16,-8,-4,-2,-1,1,2,3,4,8,14,16,21,28,32,42,56,63,64,70,84,98,105,112,126,128,131,140,147,154,168,182,189,196,210,224,231,238,252,256,266,273,280,294,308,315,322,336,350,357,364,378,392,399,406,420,434,441,448,462,476,483,490,504,512,514,518,525,532,546,560,567,574,588,602,609,616,630,642,644,651,658,672,686,693,700,714,728,735,742,756,777,798,819,840,861,882,903,924,945,966,987,1008,1024,1025,1029,1050,1071,1092,1113,1134,1153,1155,1176,1197,1218,1239,1260,1281,1302,1323,1344,1365,1386,1407,1428,1449,1470,1491,1512,1533,1536,1664,2048,3073,3328,3336,3344,4096,4609,6146,8192,9218,9219,12292,13827,15365,16384,18436,18438,21511,23045,24584,27654,27657,30730,32263,32768,33803,36872,36876,39949,41481,43022,46090,46095,49168,50699,52241,55308,55314,58387,59917,61460],"plaintext_coefficient_floor":1e-08,"pt_cache":{"mode":"off","budget_gib":40,"encode_level":0,"bytes_per_plaintext":46137344,"entries_registered":0,"entries_cached":0,"bytes_cached_gib":0,"hits":0,"misses":895,"encode_seconds":0,"encode_threads_requested":8,"encode_threads_effective":8,"encode_selftest":"passed","pt_reuse_check":"skipped"},"executed_bootstrap_count":14,"state_bootstrap_count":6,"peak_rss_gib":54.745765686,"rss_gib":53.8009223938},"layer_token_summary":{"t0.L00":{"level_in":0,"level_out":28,"bootstraps":7},"t1.L00":{"level_in":0,"level_out":28,"bootstraps":7}},"ckks_levels":{"t0.L00.bc_expand":25,"t0.L00.block_inv":15,"t0.L00.conv_silu":24,"t0.L00.decay":19,"t0.L00.dt":25,"t0.L00.gate_silu":24,"t0.L00.gated_inv":27,"t0.L00.output":28,"t0.L00.proj":16,"t0.L00.state0":19,"t0.L00.state1":19,"t0.L00.state2":19,"t0.L00.y":19,"t1.L00.bc_expand":25,"t1.L00.block_inv":15,"t1.L00.conv_silu":24,"t1.L00.decay":19,"t1.L00.dt":25,"t1.L00.gate_silu":24,"t1.L00.gated_inv":27,"t1.L00.output":28,"t1.L00.proj":16,"t1.L00.state0":19,"t1.L00.state1":19,"t1.L00.state2":19,"t1.L00.y":19},"timing":{"setup_seconds":29.94932256,"pt_cache_encode_seconds":0,"rotate_keygen_seconds":3.607645341,"bootstrap_precompute_seconds":10.278219691,"bootstrap_eval_seconds":14.781503551,"load_context_seconds":13.633892503,"eval_seconds":84.943463781,"decrypt_seconds":0.165936491},"phase_timings":{"bc_expand":22.013220482,"block_norm":2.881116174,"bootstrap":14.781480511,"conv_fifo":0.665764862,"conv_silu_poly":3.009875521,"decay_exp_poly":1.450415653,"decay_expand":3.577126949,"dt_expand":3.153057075,"dt_softplus_poly":2.63632459,"encrypt_input":0.536935033,"gate_silu_poly":2.65975567,"gated_norm":5.569865108,"in_proj_bsgs":12.466411001,"out_proj_bsgs":12.292390564,"readout":0.619258732,"residual_add":0.012303743,"skip_gate":0.106208353,"state_update":0.178345816,"x_expand":0.531311819},"phase_operation_counts":{"bc_expand":{"rotations":128,"rotations_direct":36,"rotations_composite_steps":320,"ct_pt_mul":512,"ct_ct_mul":0,"adds":544,"unity_level_align_muls":0,"bootstraps":0},"block_norm":{"rotations":32,"rotations_direct":32,"rotations_composite_steps":0,"ct_pt_mul":126,"ct_ct_mul":54,"adds":174,"unity_level_align_muls":256,"bootstraps":0},"bootstrap":{"rotations":0,"rotations_direct":0,"rotations_composite_steps":0,"ct_pt_mul":28,"ct_ct_mul":0,"adds":0,"unity_level_align_muls":0,"bootstraps":14},"conv_fifo":{"rotations":0,"rotations_direct":0,"rotations_composite_steps":0,"ct_pt_mul":3,"ct_ct_mul":0,"adds":3,"unity_level_align_muls":2,"bootstraps":0},"conv_silu_poly":{"rotations":2,"rotations_direct":0,"rotations_composite_steps":4,"ct_pt_mul":216,"ct_ct_mul":46,"adds":260,"unity_level_align_muls":824,"bootstraps":0},"decay_exp_poly":{"rotations":0,"rotations_direct":0,"rotations_composite_steps":0,"ct_pt_mul":38,"ct_ct_mul":22,"adds":54,"unity_level_align_muls":596,"bootstraps":0},"decay_expand":{"rotations":126,"rotations_direct":78,"rotations_composite_steps":154,"ct_pt_mul":48,"ct_ct_mul":0,"adds":120,"unity_level_align_muls":0,"bootstraps":0},"dt_expand":{"rotations":126,"rotations_direct":78,"rotations_composite_steps":154,"ct_pt_mul":48,"ct_ct_mul":0,"adds":120,"unity_level_align_muls":0,"bootstraps":0},"dt_softplus_poly":{"rotations":0,"rotations_direct":0,"rotations_composite_steps":0,"ct_pt_mul":58,"ct_ct_mul":40,"adds":96,"unity_level_align_muls":636,"bootstraps":0},"encrypt_input":{"rotations":0,"rotations_direct":0,"rotations_composite_steps":0,"ct_pt_mul":0,"ct_ct_mul":0,"adds":0,"unity_level_align_muls":0,"bootstraps":0},"gate_silu_poly":{"rotations":0,"rotations_direct":0,"rotations_composite_steps":0,"ct_pt_mul":156,"ct_ct_mul":42,"adds":198,"unity_level_align_muls":752,"bootstraps":0},"gated_norm":{"rotations":32,"rotations_direct":32,"rotations_composite_steps":0,"ct_pt_mul":42,"ct_ct_mul":80,"adds":62,"unity_level_align_muls":224,"bootstraps":4},"in_proj_bsgs":{"rotations":170,"rotations_direct":0,"rotations_composite_steps":584,"ct_pt_mul":110,"ct_ct_mul":2,"adds":170,"unity_level_align_muls":30,"bootstraps":0},"out_proj_bsgs":{"rotations":228,"rotations_direct":0,"rotations_composite_steps":868,"ct_pt_mul":150,"ct_ct_mul":2,"adds":228,"unity_level_align_muls":12,"bootstraps":0},"readout":{"rotations":46,"rotations_direct":46,"rotations_composite_steps":0,"ct_pt_mul":6,"ct_ct_mul":6,"adds":42,"unity_level_align_muls":36,"bootstraps":0},"residual_add":{"rotations":0,"rotations_direct":0,"rotations_composite_steps":0,"ct_pt_mul":0,"ct_ct_mul":0,"adds":2,"unity_level_align_muls":2,"bootstraps":0},"skip_gate":{"rotations":0,