{"version":"0.0.0+unknown","repo_commit":"unknown","stage":"stage1-mamba2-decode-fideslib","backend":"fideslib-gpu","encrypted":true,"config":{"input_mode":"fhemamba-m1-payload"},"status":"passed","passed":true,"parameters":{"d_model":768,"d_inner":1536,"num_heads":24,"head_dim":64,"state_size":128,"n_groups":1,"conv_kernel":4,"conv_dim":1792,"proj_dim":3352,"state_group_count":3,"batch_size":65536,"ring_dimension":131072,"multiplicative_depth":43,"scaling_mod_size":59,"first_mod_size":60,"security":"128-classic","secret_key_dist":"sparse-ternary","tokens":2,"tolerance":0.05,"baby_step_in":64,"baby_step_out":64,"chain_mode":false,"n_layers_total":1,"n_layers_loaded":1,"max_layers":0,"final_norm_applied":false,"auto_bootstrap_headroom":12,"streams":1,"stream_stride":65536,"bsgs_layout":{"mode":"4","in_replicas":4,"in_window":4608,"in_diagonals":192,"out_replicas":4,"out_window":3072,"out_diagonals":384},"bootstrap_norm_margin":1.5,"state_bootstrap_margin":1.1,"carried_bounds_source":"payload-measured","carried_state_abs_max":5.97666,"carried_fifo_abs_max":6.00534,"bootstrap_before_token":[]},"measurements":{"max_abs_error":0.0470534711696,"per_token_max_abs_error":[0.0249992087327,0.0470534711696],"token0_decrypted_sample":[0.0879557512432,-0.396684563452,2.35240163717,0.69347992207,-0.826535297548,-1.95508199649,-0.0820076560333,-0.105023208388],"token0_expected_sample":[0.087377846241,-0.396354675293,2.3496131897,0.697291016579,-0.83098334074,-1.95756387711,-0.0830003321171,-0.101791858673],"max_interstream_deviation":0,"per_token_bootstrap_count":[7,7],"required_application_rotation_key_count":460,"estimated_token_output_levels":[61,66],"estimated_required_depth_without_bootstrap":66,"segment_requirements":{"residual":18,"proj":10,"fifo":9,"conv":6,"dt_decay":7,"decay":3,"state_pre":5,"state_tail":4,"y_gated":4,"y_out":2,"newton_iteration":2,"max_segment":18,"assumed_bootstrap_output_level":18},"rotation_keys":{"mode":"compact","budget_gib":45,"keys_total":33,"keys_gib_est":11.408203125,"per_key_gib_est":0.345703125,"required_indices_count":460,"base":33,"direct":0,"composite_apps_per_token":2190},"required_rotation_indices":[-61320,-57232,-53144,-49056,-44968,-40880,-36792,-32768,-32704,-28616,-24528,-20440,-16384,-16352,-13824,-12264,-9216,-8192,-8176,-6144,-4608,-4096,-4088,-3840,-3072,-2304,-2048,-2041,-1913,-1536,-1530,-1402,-1024,-1019,-891,-768,-512,-508,-441,-380,-378,-315,-256,-252,-189,-128,-126,-64,-63,-32,-16,-8,-4,-2,-1,1,2,3,4,8,12,16,20,24,28,32,36,40,44,48,52,56,60,64,68,72,76,80,84,88,92,96,100,104,108,112,116,120,124,128,131,132,136,140,144,148,152,156,160,164,168,172,176,180,184,188,192,196,200,204,208,212,216,220,224,228,232,236,240,244,248,252,256,260,264,268,272,276,280,284,288,292,296,300,304,308,312,316,320,324,328,332,336,340,344,348,352,356,360,364,368,372,376,380,384,388,392,396,400,404,408,412,416,420,424,428,432,436,440,444,448,452,456,460,464,468,472,476,480,484,488,492,496,500,504,508,512,514,516,520,524,528,532,536,540,544,548,552,556,560,564,568,572,576,580,584,588,592,596,600,604,608,612,616,620,624,628,632,636,640,642,644,648,652,656,660,664,668,672,676,680,684,688,692,696,700,704,708,712,716,720,724,728,732,736,740,744,748,752,756,760,764,768,772,776,780,784,788,792,796,800,804,808,812,816,820,824,828,832,836,840,844,848,852,856,860,864,868,872,876,880,884,888,892,896,900,904,908,912,916,920,924,928,932,936,940,944,948,952,956,960,964,968,972,976,980,984,988,992,996,1000,1004,1008,1012,1016,1020,1024,1025,1028,1032,1036,1040,1044,1048,1052,1056,1060,1064,1068,1072,1076,1080,1084,1088,1092,1096,1100,1104,1108,1112,1116,1120,1124,1128,1132,1136,1140,1144,1148,1152,1153,1156,1160,1164,1168,1172,1176,1180,1184,1188,1192,1196,1200,1204,1208,1212,1216,1220,1224,1228,1232,1236,1240,1244,1248,1252,1256,1260,1264,1268,1272,1276,1280,1284,1288,1292,1296,1300,1304,1308,1312,1316,1320,1324,1328,1332,1336,1340,1344,1348,1352,1356,1360,1364,1368,1372,1376,1380,1384,1388,1392,1396,1400,1404,1408,1412,1416,1420,1424,1428,1432,1436,1440,1444,1448,1452,1456,1460,1464,1468,1472,1476,1480,1484,1488,1492,1496,1500,1504,1508,1512,1516,1520,1524,1528,1532,1536,1664,2048,3073,3328,3336,3344,4096,4609,6146,8192,9218,16384,32768],"plaintext_coefficient_floor":1e-08,"pt_cache":{"mode":"off","budget_gib":40,"encode_level":0,"bytes_per_plaintext":46137344,"entries_registered":0,"entries_cached":0,"bytes_cached_gib":0,"hits":0,"misses":1789,"encode_seconds":0,"encode_threads_requested":8,"encode_threads_effective":8,"encode_selftest":"passed","pt_reuse_check":"skipped"},"executed_bootstrap_count":14,"state_bootstrap_count":6,"peak_rss_gib":54.7632293701,"rss_gib":53.8183746338},"layer_token_summary":{"t0.L00":{"level_in":0,"level_out":28,"bootstraps":7},"t1.L00":{"level_in":0,"level_out":28,"bootstraps":7}},"ckks_levels":{"t0.L00.bc_expand":25,"t0.L00.block_inv":15,"t0.L00.conv_silu":24,"t0.L00.decay":19,"t0.L00.dt":25,"t0.L00.gate_silu":24,"t0.L00.gated_inv":27,"t0.L00.output":28,"t0.L00.proj":16,"t0.L00.state0":19,"t0.L00.state1":19,"t0.L00.state2":19,"t0.L00.y":19,"t1.L00.bc_expand":25,"t1.L00.block_inv":15,"t1.L00.conv_silu":24,"t1.L00.decay":19,"t1.L00.dt":25,"t1.L00.gate_silu":24,"t1.L00.gated_inv":27,"t1.L00.output":28,"t1.L00.proj":16,"t1.L00.state0":19,"t1.L00.state1":19,"t1.L00.state2":19,"t1.L00.y":19},"timing":{"setup_seconds":31.270067343,"pt_cache_encode_seconds":0,"rotate_keygen_seconds":3.875762546,"bootstrap_precompute_seconds":10.209095558,"bootstrap_eval_seconds":14.863897654,"load_context_seconds":14.751136367,"eval_seconds":142.003917946,"decrypt_seconds":0.168470203},"phase_timings":{"bc_expand":22.268274181,"block_norm":2.902697761,"bootstrap":14.863877846,"conv_fifo":0.667277119,"conv_silu_poly":3.021373202,"decay_exp_poly":1.452347271,"decay_expand":3.622945208,"dt_expand":3.209974853,"dt_softplus_poly":2.640632238,"encrypt_input":0.538121467,"gate_silu_poly":2.711929386,"gated_norm":5.583428704,"in_proj_bsgs":31.460870419,"out_proj_bsgs":49.775526344,"readout":0.656959077,"residual_add":0.012520338,"skip_gate":0.107658171,"state_update":0.178902706,"x_expand":0.533914724},"phase_operation_counts":{"bc_expand":{"rotations":128,"rotations_direct":36,"rotations_composite_steps":320,"ct_pt_mul":512,"ct_ct_mul":0,"adds":544,"unity_level_align_muls":0,"bootstraps":0},"block_norm":{"rotations":32,"rotations_direct":32,"rotations_composite_steps":0,"ct_pt_mul":126,"ct_ct_mul":54,"adds":174,"unity_level_align_muls":256,"bootstraps":0},"bootstrap":{"rotations":0,"rotations_direct":0,"rotations_composite_steps":0,"ct_pt_mul":28,"ct_ct_mul":0,"adds":0,"unity_level_align_muls":0,"bootstraps":14},"conv_fifo":{"rotations":0,"rotations_direct":0,"rotations_composite_steps":0,"ct_pt_mul":3,"ct_ct_mul":0,"adds":3,"unity_level_align_muls":2,"bootstraps":0},"conv_silu_poly":{"rotations":2,"rotations_direct":0,"rotations_composite_steps":4,"ct_pt_mul":216,"ct_ct_mul":46,"adds":260,"unity_level_align_muls":824,"bootstraps":0},"decay_exp_poly":{"rotations":0,"rotations_direct":0,"rotations_composite_steps":0,"ct_pt_mul":38,"ct_ct_mul":22,"adds":54,"unity_level_align_muls":596,"bootstraps":0},"decay_expand":{"rotations":126,"rotations_direct":78,"rotations_composite_steps":154,"ct_pt_mul":48,"ct_ct_mul":0,"adds":120,"unity_level_align_muls":0,"bootstraps":0},"dt_expand":{"rotations":126,"rotations_direct":78,"rotations_composite_steps":154,"ct_pt_mul":48,"ct_ct_mul":0,"adds":120,"unity_level_align_muls":0,"bootstraps":0},"dt_softplus_poly":{"rotations":0,"rotations_direct":0,"rotations_composite_steps":0,"ct_pt_mul":58,"ct_ct_mul":40,"adds":96,"unity_level_align_muls":636,"bootstraps":0},"encrypt_input":{"rotations":0,"rotations_direct":0,"rotations_composite_steps":0,"ct_pt_mul":0,"ct_ct_mul":0,"adds":0,"unity_level_align_muls":0,"bootstraps":0},"gate_silu_poly":{"rotations":0,"rotations_direct":0,"rotations_composite_steps":0,"ct_pt_mul":156,"ct_ct_mul":42,"adds":198,"unity_level_align_muls":752,"bootstraps":0},