{"version":"0.0.0+unknown","repo_commit":"unknown","stage":"stage1-mamba2-decode-fideslib","backend":"fideslib-gpu","encrypted":true,"config":{"input_mode":"fhemamba-m1-payload"},"status":"passed","passed":true,"parameters":{"d_model":768,"d_inner":1536,"num_heads":24,"head_dim":64,"state_size":128,"n_groups":1,"conv_kernel":4,"conv_dim":1792,"proj_dim":3352,"state_group_count":3,"batch_size":65536,"ring_dimension":131072,"multiplicative_depth":43,"scaling_mod_size":59,"first_mod_size":60,"security":"128-classic","secret_key_dist":"sparse-ternary","tokens":1,"tolerance":0.05,"baby_step_in":64,"baby_step_out":64,"chain_mode":false,"n_layers_total":1,"n_layers_loaded":1,"max_layers":0,"final_norm_applied":false,"auto_bootstrap_headroom":12,"streams":1,"stream_stride":65536,"bsgs_layout":{"mode":"auto","in_replicas":14,"in_window":4608,"in_diagonals":55,"out_replicas":21,"out_window":3072,"out_diagonals":74},"bootstrap_norm_margin":1.5,"bootstrap_before_token":[]},"measurements":{"max_abs_error":0.0423952748497,"per_token_max_abs_error":[0.0423952748497],"token0_decrypted_sample":[0.0912399795965,-0.390688674038,2.32893639372,0.701176001445,-0.817022720354,-1.96030899965,-0.0803513910149,-0.095688706519],"token0_expected_sample":[0.087377846241,-0.396354675293,2.3496131897,0.697291016579,-0.83098334074,-1.95756387711,-0.0830003321171,-0.101791858673],"max_interstream_deviation":0,"per_token_bootstrap_count":[7],"required_application_rotation_key_count":246,"estimated_token_output_levels":[61],"estimated_required_depth_without_bootstrap":61,"segment_requirements":{"residual":18,"proj":10,"fifo":9,"conv":6,"dt_decay":7,"decay":3,"state_pre":5,"state_tail":4,"y_gated":4,"y_out":2,"newton_iteration":2,"max_segment":18,"assumed_bootstrap_output_level":18},"rotation_keys":{"mode":"compact","budget_gib":45,"keys_total":34,"keys_gib_est":11.75390625,"per_key_gib_est":0.345703125,"required_indices_count":246,"base":34,"direct":0,"composite_apps_per_token":1042},"required_rotation_indices":[-61440,-61320,-59904,-58368,-57232,-55296,-53144,-52224,-50688,-49152,-49056,-46080,-44968,-43008,-41472,-40880,-39936,-36864,-36792,-33792,-32768,-32704,-32256,-30720,-28616,-27648,-24576,-24528,-23040,-21504,-20440,-18432,-16384,-16352,-15360,-13824,-12288,-12264,-9216,-8192,-8176,-6144,-4608,-4096,-4088,-3840,-3072,-2304,-2048,-2041,-1913,-1536,-1530,-1402,-1024,-1019,-891,-768,-512,-508,-441,-380,-378,-315,-256,-252,-189,-128,-126,-64,-63,-32,-16,-8,-4,-2,-1,1,2,3,4,8,14,16,21,28,32,42,56,63,64,70,84,98,105,112,126,128,131,140,147,154,168,182,189,196,210,224,231,238,252,256,266,273,280,294,308,315,322,336,350,357,364,378,392,399,406,420,434,441,448,462,476,483,490,504,512,514,518,525,532,546,560,567,574,588,602,609,616,630,642,644,651,658,672,686,693,700,714,728,735,742,756,777,798,819,840,861,882,903,924,945,966,987,1008,1024,1025,1029,1050,1071,1092,1113,1134,1153,1155,1176,1197,1218,1239,1260,1281,1302,1323,1344,1365,1386,1407,1428,1449,1470,1491,1512,1533,1536,1664,2048,3073,3328,3336,3344,4096,4609,6146,8192,9218,9219,12292,13827,15365,16384,18436,18438,21511,23045,24584,27654,27657,30730,32263,32768,33803,36872,36876,39949,41481,43022,46090,46095,49168,50699,52241,55308,55314,58387,59917,61460],"plaintext_coefficient_floor":1e-08,"pt_cache":{"mode":"off","budget_gib":40,"encode_level":0,"bytes_per_plaintext":46137344,"entries_registered":0,"entries_cached":0,"bytes_cached_gib":0,"hits":0,"misses":447,"encode_seconds":0,"encode_threads_requested":8,"encode_threads_effective":8,"encode_selftest":"passed","pt_reuse_check":"skipped"},"executed_bootstrap_count":7,"peak_rss_gib":54.7454376221,"rss_gib":53.8010482788},"layer_token_summary":{"t0.L00":{"level_in":0,"level_out":28,"bootstraps":7}},"ckks_levels":{"t0.L00.bc_expand":25,"t0.L00.block_inv":15,"t0.L00.conv_silu":24,"t0.L00.decay":19,"t0.L00.dt":25,"t0.L00.gate_silu":24,"t0.L00.gated_inv":27,"t0.L00.output":28,"t0.L00.proj":16,"t0.L00.state0":19,"t0.L00.state1":19,"t0.L00.state2":19,"t0.L00.y":19},"timing":{"setup_seconds":30.468968753,"pt_cache_encode_seconds":0,"rotate_keygen_seconds":3.567794027,"bootstrap_precompute_seconds":9.834029589,"bootstrap_eval_seconds":127.600474352,"load_context_seconds":14.66101653,"eval_seconds":269.276816644,"decrypt_seconds":0.077518633},"phase_timings":{"bc_expand":11.196067481,"block_norm":1.531516565,"bootstrap":88.620979136,"conv_fifo":0.350355431,"conv_silu_poly":1.49811013,"decay_exp_poly":0.727552948,"decay_expand":1.752783777,"dt_expand":1.546535638,"dt_softplus_poly":1.324645945,"encrypt_input":0.272353055,"gate_silu_poly":1.333720023,"gated_norm":48.344479669,"in_proj_bsgs":6.249505019,"out_proj_bsgs":6.063095538,"readout":0.350238824,"residual_add":0.006514678,"skip_gate":0.052579885,"state_update":0.056963986,"x_expand":0.262062472},"phase_operation_counts":{"bc_expand":{"rotations":64,"rotations_direct":18,"rotations_composite_steps":160,"ct_pt_mul":256,"ct_ct_mul":0,"adds":272,"unity_level_align_muls":0,"bootstraps":0},"block_norm":{"rotations":16,"rotations_direct":16,"rotations_composite_steps":0,"ct_pt_mul":63,"ct_ct_mul":27,"adds":87,"unity_level_align_muls":128,"bootstraps":0},"bootstrap":{"rotations":0,"rotations_direct":0,"rotations_composite_steps":0,"ct_pt_mul":14,"ct_ct_mul":0,"adds":0,"unity_level_align_muls":0,"bootstraps":7},"conv_fifo":{"rotations":0,"rotations_direct":0,"rotations_composite_steps":0,"ct_pt_mul":1,"ct_ct_mul":0,"adds":1,"unity_level_align_muls":1,"bootstraps":0},"conv_silu_poly":{"rotations":1,"rotations_direct":0,"rotations_composite_steps":2,"ct_pt_mul":108,"ct_ct_mul":23,"adds":130,"unity_level_align_muls":412,"bootstraps":0},"decay_exp_poly":{"rotations":0,"rotations_direct":0,"rotations_composite_steps":0,"ct_pt_mul":19,"ct_ct_mul":11,"adds":27,"unity_level_align_muls":298,"bootstraps":0},"decay_expand":{"rotations":63,"rotations_direct":39,"rotations_composite_steps":77,"ct_pt_mul":24,"ct_ct_mul":0,"adds":60,"unity_level_align_muls":0,"bootstraps":0},"dt_expand":{"rotations":63,"rotations_direct":39,"rotations_composite_steps":77,"ct_pt_mul":24,"ct_ct_mul":0,"adds":60,"unity_level_align_muls":0,"bootstraps":0},"dt_softplus_poly":{"rotations":0,"rotations_direct":0,"rotations_composite_steps":0,"ct_pt_mul":29,"ct_ct_mul":20,"adds":48,"unity_level_align_muls":318,"bootstraps":0},"encrypt_input":{"rotations":0,"rotations_direct":0,"rotations_composite_steps":0,"ct_pt_mul":0,"ct_ct_mul":0,"adds":0,"unity_level_align_muls":0,"bootstraps":0},"gate_silu_poly":{"rotations":0,"rotations_direct":0,"rotations_composite_steps":0,"ct_pt_mul":78,"ct_ct_mul":21,"adds":99,"unity_level_align_muls":376,"bootstraps":0},"gated_norm":{"rotations":16,"rotations_direct":16,"rotations_composite_steps":0,"ct_pt_mul":21,"ct_ct_mul":40,"adds":31,"unity_level_align_muls":112,"bootstraps":2},"in_proj_bsgs":{"rotations":85,"rotations_direct":0,"rotations_composite_steps":292,"ct_pt_mul":55,"ct_ct_mul":1,"adds":85,"unity_level_align_muls":15,"bootstraps":0},"out_proj_bsgs":{"rotations":114,"rotations_direct":0,"rotations_composite_steps":434,"ct_pt_mul":75,"ct_ct_mul":1,"adds":114,"unity_level_align_muls":6,"bootstraps":0},"readout":{"rotations":23,"rotations_direct":23,"rotations_composite_steps":0,"ct_pt_mul":3,"ct_ct_mul":3,"adds":21,"unity_level_align_muls":18,"bootstraps":0},"residual_add":{"rotations":0,"rotations_direct":0,"rotations_composite_steps":0,"ct_pt_mul":0,"ct_ct_mul":0,"adds":1,"unity_level_align_muls":1,"bootstraps":0},"skip_gate":{"rotations":0,"rotations_direct":0,"rotations_composite_steps":0,"ct_pt_mul":1,"ct_ct_mul":1,"adds":1,"unity_level_align_muls":5,"bootstraps":0},"state_update":{"rotations":0,"rotations_direct":0,"rotations_composite_steps":0,"ct_pt_mul":0,"ct_ct_mul":6,"adds":0,"unity_level_align_muls":9,"bootstraps":0},"x_expand":{"rotations":23,"rotations_direct":23,"rotations_composite_steps":0,"ct_pt_mul":3,"ct_ct_mul":0,"adds":21,"unity_level_align_muls":0,"bootstraps":0}},"operation_counts":{"rotations":468,