{"version":"0.0.0+unknown","repo_commit":"unknown","stage":"stage1-mamba2-decode-fideslib","backend":"fideslib-gpu","encrypted":true,"config":{"input_mode":"fhemamba-m1-payload"},"status":"passed","passed":true,"parameters":{"d_model":768,"d_inner":1536,"num_heads":24,"head_dim":64,"state_size":128,"n_groups":1,"conv_kernel":4,"conv_dim":1792,"proj_dim":3352,"state_group_count":6,"batch_size":32768,"ring_dimension":65536,"multiplicative_depth":44,"scaling_mod_size":59,"first_mod_size":60,"security":"not-set","secret_key_dist":"sparse-ternary","tokens":2,"tolerance":0.05,"baby_step_in":64,"baby_step_out":64,"chain_mode":false,"n_layers_total":1,"n_layers_loaded":1,"max_layers":0,"final_norm_applied":false,"auto_bootstrap_headroom":12,"streams":8,"stream_stride":4096,"bootstrap_norm_margin":1.5,"bootstrap_before_token":[]},"measurements":{"max_abs_error":0.0163679127375,"per_token_max_abs_error":[0.00542740232564,0.0163679127375],"token0_decrypted_sample":[0.0870833237981,-0.397223729345,2.35031383818,0.697472786088,-0.83035213289,-1.95707762929,-0.0823208622365,-0.100895314402],"token0_expected_sample":[0.087377846241,-0.396354675293,2.3496131897,0.697291016579,-0.83098334074,-1.95756387711,-0.0830003321171,-0.101791858673],"max_interstream_deviation":0.0173187593622,"per_token_bootstrap_count":[4,52],"required_application_rotation_key_count":200,"estimated_token_output_levels":[63,68],"estimated_required_depth_without_bootstrap":68,"segment_requirements":{"residual":19,"proj":10,"fifo":9,"conv":6,"dt_decay":7,"decay":3,"state_pre":5,"state_tail":4,"y_gated":5,"y_out":2,"newton_iteration":2,"max_segment":19,"assumed_bootstrap_output_level":18},"rotation_keys":{"mode":"full","budget_gib":45,"keys_total":200,"keys_gib_est":35.15625,"per_key_gib_est":0.17578125,"required_indices_count":200,"base":31,"direct":200,"composite_apps_per_token":0},"required_rotation_indices":[-31620,-30600,-29580,-28560,-27540,-26520,-25500,-24480,-23460,-22440,-21420,-20400,-19380,-18360,-17340,-16384,-16320,-15300,-14280,-13260,-12240,-11220,-10200,-9180,-8192,-8160,-7140,-6120,-5100,-4096,-4080,-3392,-3328,-3264,-3200,-3136,-3072,-3060,-3008,-2944,-2880,-2816,-2752,-2688,-2624,-2560,-2496,-2432,-2368,-2304,-2240,-2176,-2112,-2048,-2040,-1984,-1920,-1856,-1792,-1728,-1664,-1600,-1536,-1472,-1408,-1344,-1280,-1216,-1152,-1088,-1024,-1020,-960,-896,-832,-768,-704,-640,-576,-512,-448,-384,-320,-256,-192,-189,-128,-126,-64,-63,-32,-16,-8,-4,-2,-1,1,2,3,4,5,6,7,8,9,10,11,12,13,14,15,16,17,18,19,20,21,22,23,24,25,26,27,28,29,30,31,32,33,34,35,36,37,38,39,40,41,42,43,44,45,46,47,48,49,50,51,52,53,54,55,56,57,58,59,60,61,62,63,64,128,192,256,320,384,448,512,576,640,704,768,771,832,896,899,960,1024,1026,1088,1152,1154,1216,1280,1281,1344,1408,1409,1472,1536,1664,2048,3328,3332,3336,3340,3344,3348,4096,8192,16384],"plaintext_coefficient_floor":1e-08,"pt_cache":{"mode":"masks","budget_gib":40,"encode_level":0,"bytes_per_plaintext":23592960,"entries_registered":149,"entries_cached":149,"bytes_cached_gib":3.27392578125,"hits":5075,"misses":12844,"encode_seconds":0.513066057,"encode_threads_requested":8,"encode_threads_effective":8,"encode_selftest":"passed","pt_reuse_check":"passed"},"executed_bootstrap_count":56,"peak_rss_gib":54.0196075439,"rss_gib":48.8766098022},"layer_token_summary":{"t0.L00":{"level_in":0,"level_out":29,"bootstraps":4},"t1.L00":{"level_in":0,"level_out":29,"bootstraps":52}},"ckks_levels":{"t0.L00.bc_expand":26,"t0.L00.block_inv":16,"t0.L00.conv_silu":25,"t0.L00.decay":25,"t0.L00.dt":19,"t0.L00.gate_silu":25,"t0.L00.gated_inv":28,"t0.L00.output":29,"t0.L00.proj":17,"t0.L00.state0":28,"t0.L00.state1":28,"t0.L00.state10":28,"t0.L00.state11":28,"t0.L00.state12":28,"t0.L00.state13":28,"t0.L00.state14":28,"t0.L00.state15":28,"t0.L00.state16":28,"t0.L00.state17":28,"t0.L00.state18":28,"t0.L00.state19":28,"t0.L00.state2":28,"t0.L00.state20":28,"t0.L00.state21":28,"t0.L00.state22":28,"t0.L00.state23":28,"t0.L00.state24":28,"t0.L00.state25":28,"t0.L00.state26":28,"t0.L00.state27":28,"t0.L00.state28":28,"t0.L00.state29":28,"t0.L00.state3":28,"t0.L00.state30":28,"t0.L00.state31":28,"t0.L00.state32":28,"t0.L00.state33":28,"t0.L00.state34":28,"t0.L00.state35":28,"t0.L00.state36":28,"t0.L00.state37":28,"t0.L00.state38":28,"t0.L00.state39":28,"t0.L00.state4":28,"t0.L00.state40":28,"t0.L00.state41":28,"t0.L00.state42":28,"t0.L00.state43":28,"t0.L00.state44":28,"t0.L00.state45":28,"t0.L00.state46":28,"t0.L00.state47":28,"t0.L00.state5":28,"t0.L00.state6":28,"t0.L00.state7":28,"t0.L00.state8":28,"t0.L00.state9":28,"t0.L00.y":19,"t1.L00.bc_expand":26,"t1.L00.block_inv":16,"t1.L00.conv_silu":25,"t1.L00.decay":25,"t1.L00.dt":19,"t1.L00.gate_silu":25,"t1.L00.gated_inv":28,"t1.L00.output":29,"t1.L00.proj":17,"t1.L00.state0":28,"t1.L00.state1":28,"t1.L00.state10":28,"t1.L00.state11":28,"t1.L00.state12":28,"t1.L00.state13":28,"t1.L00.state14":28,"t1.L00.state15":28,"t1.L00.state16":28,"t1.L00.state17":28,"t1.L00.state18":28,"t1.L00.state19":28,"t1.L00.state2":28,"t1.L00.state20":28,"t1.L00.state21":28,"t1.L00.state22":28,"t1.L00.state23":28,"t1.L00.state24":28,"t1.L00.state25":28,"t1.L00.state26":28,"t1.L00.state27":28,"t1.L00.state28":28,"t1.L00.state29":28,"t1.L00.state3":28,"t1.L00.state30":28,"t1.L00.state31":28,"t1.L00.state32":28,"t1.L00.state33":28,"t1.L00.state34":28,"t1.L00.state35":28,"t1.L00.state36":28,"t1.L00.state37":28,"t1.L00.state38":28,"t1.L00.state39":28,"t1.L00.state4":28,"t1.L00.state40":28,"t1.L00.state41":28,"t1.L00.state42":28,"t1.L00.state43":28,"t1.L00.state44":28,"t1.L00.state45":28,"t1.L00.state46":28,"t1.L00.state47":28,"t1.L00.state5":28,"t1.L00.state6":28,"t1.L00.state7":28,"t1.L00.state8":28,"t1.L00.state9":28,"t1.L00.y":19},"timing":{"setup_seconds":31.931059307,"pt_cache_encode_seconds":0.513066057,"rotate_keygen_seconds":9.121324723,"bootstrap_precompute_seconds":4.434889121,"bootstrap_eval_seconds":28.081455017,"load_context_seconds":17.14046535,"eval_seconds":235.467099466,"decrypt_seconds":0.156087447},"phase_timings":{"bc_expand":12.142998395,"block_norm":1.590327671,"bootstrap":28.081426249,"conv_fifo":0.347064612,"conv_silu_poly":1.42654763,"decay_exp_poly":0.644099976,"decay_expand":5.379553657,"dt_expand":6.55915776,"dt_softplus_poly":1.224033665,"encrypt_input":0.272784312,"gate_silu_poly":1.244148907,"gated_norm":2.721282715,"in_proj_bsgs":107.75250425,"out_proj_bsgs":61.275264795,"readout":2.517713083,"residual_add":0.006922439,"skip_gate":0.023822357,"state_update":1.60039961,"x_expand":2.39432514},"phase_operation_counts":{"bc_expand":{"rotations":1376,"rotations_direct":1376,"rotations_composite_steps":0,"ct_pt_mul":4096,"ct_ct_mul":0,"adds":4320,"unity_level_align_muls":0,"bootstraps":0},"block_norm":{"rotations":48,"rotations_direct":48,"rotations_composite_steps":0,"ct_pt_mul":128,"ct_ct_mul":54,"adds":190,"unity_level_align_muls":284,"bootstraps":0},"bootstrap":{"rotations":0,"rotations_direct":0,"rotations_composite_steps":0,"ct_pt_mul":112,"ct_ct_mul":0,"adds":0,"unity_level_align_muls":0,"bootstraps":56},"conv_fifo":{"rotations":0,"rotations_direct":0,"rotations_composite_steps":0,"ct_pt_mul":3,"ct_ct_mul":0,"adds":3,"unity_level_align_muls":2,"bootstraps":0},"conv_silu_poly":{"rotations":2,"rotations_direct":2,"rotations_composite_steps":0,"ct_pt_mul":216,"ct_ct_mul":46,"adds":260,"unity_level_align_muls":858,"bootstraps":0},"decay_exp_poly":{"rotations":0,"rotations_direct":0,"rotations_composite_steps":0,"ct_pt_mul":38,"ct_ct_mul":22,"adds":54,"unity_level_align_muls":476,"bootstraps":0},"decay_expand":{"rotations":1632,"rotations_direct":1632,"rotations_composite_steps":0,"ct_pt_mul":384,"ct_ct_mul":0,"adds":1536,"unity_level_align_muls":0,"bootstraps":0},"dt_expand":{"rotations":1632,"rotations_direct":1632,"rotations_composite_steps":0,"ct_pt_mul":384,"ct_ct_mul":0,"adds":1536,"unity_level_align_muls":0,"bootstraps":0},"dt_softplus_poly":{"rotations":0,"rotations_direct":0,"rotations_composite_steps":0,"ct_pt_mul":58,