{"version":"0.0.0+unknown","repo_commit":"unknown","stage":"stage1-mamba2-decode-fideslib","backend":"fideslib-gpu","encrypted":true,"config":{"input_mode":"fhemamba-m1-payload"},"status":"passed","passed":true,"parameters":{"d_model":768,"d_inner":1536,"num_heads":24,"head_dim":64,"state_size":128,"n_groups":1,"conv_kernel":4,"conv_dim":1792,"proj_dim":3352,"state_group_count":6,"batch_size":32768,"ring_dimension":65536,"multiplicative_depth":44,"scaling_mod_size":59,"first_mod_size":60,"security":"not-set","secret_key_dist":"sparse-ternary","tokens":2,"tolerance":0.05,"baby_step_in":64,"baby_step_out":64,"chain_mode":false,"n_layers_total":1,"n_layers_loaded":1,"max_layers":0,"final_norm_applied":false,"auto_bootstrap_headroom":12,"streams":1,"stream_stride":32768,"bootstrap_norm_margin":1.5,"bootstrap_before_token":[]},"measurements":{"max_abs_error":0.0115156332989,"per_token_max_abs_error":[0.00284910656828,0.0115156332989],"token0_decrypted_sample":[0.087737124113,-0.396211058182,2.34749939508,0.697369341972,-0.830463333152,-1.95716979503,-0.0828802744467,-0.101231127444],"token0_expected_sample":[0.087377846241,-0.396354675293,2.3496131897,0.697291016579,-0.83098334074,-1.95756387711,-0.0830003321171,-0.101791858673],"max_interstream_deviation":0,"per_token_bootstrap_count":[4,10],"required_application_rotation_key_count":200,"estimated_token_output_levels":[61,66],"estimated_required_depth_without_bootstrap":66,"segment_requirements":{"residual":18,"proj":10,"fifo":9,"conv":6,"dt_decay":7,"decay":3,"state_pre":5,"state_tail":4,"y_gated":4,"y_out":2,"newton_iteration":2,"max_segment":18,"assumed_bootstrap_output_level":18},"rotation_keys":{"mode":"compact","budget_gib":45,"keys_total":31,"keys_gib_est":5.44921875,"per_key_gib_est":0.17578125,"required_indices_count":200,"base":31,"direct":0,"composite_apps_per_token":947},"required_rotation_indices":[-31620,-30600,-29580,-28560,-27540,-26520,-25500,-24480,-23460,-22440,-21420,-20400,-19380,-18360,-17340,-16384,-16320,-15300,-14280,-13260,-12240,-11220,-10200,-9180,-8192,-8160,-7140,-6120,-5100,-4096,-4080,-3392,-3328,-3264,-3200,-3136,-3072,-3060,-3008,-2944,-2880,-2816,-2752,-2688,-2624,-2560,-2496,-2432,-2368,-2304,-2240,-2176,-2112,-2048,-2040,-1984,-1920,-1856,-1792,-1728,-1664,-1600,-1536,-1472,-1408,-1344,-1280,-1216,-1152,-1088,-1024,-1020,-960,-896,-832,-768,-704,-640,-576,-512,-448,-384,-320,-256,-192,-189,-128,-126,-64,-63,-32,-16,-8,-4,-2,-1,1,2,3,4,5,6,7,8,9,10,11,12,13,14,15,16,17,18,19,20,21,22,23,24,25,26,27,28,29,30,31,32,33,34,35,36,37,38,39,40,41,42,43,44,45,46,47,48,49,50,51,52,53,54,55,56,57,58,59,60,61,62,63,64,128,192,256,320,384,448,512,576,640,704,768,771,832,896,899,960,1024,1026,1088,1152,1154,1216,1280,1281,1344,1408,1409,1472,1536,1664,2048,3328,3332,3336,3340,3344,3348,4096,8192,16384],"plaintext_coefficient_floor":1e-08,"pt_cache":{"mode":"masks","budget_gib":40,"encode_level":0,"bytes_per_plaintext":23592960,"entries_registered":148,"entries_cached":148,"bytes_cached_gib":3.251953125,"hits":647,"misses":12844,"encode_seconds":0.488616092,"encode_threads_requested":8,"encode_threads_effective":8,"encode_selftest":"passed","pt_reuse_check":"passed"},"executed_bootstrap_count":14,"peak_rss_gib":28.8377113342,"rss_gib":27.7830924988},"layer_token_summary":{"t0.L00":{"level_in":0,"level_out":28,"bootstraps":4},"t1.L00":{"level_in":0,"level_out":28,"bootstraps":10}},"ckks_levels":{"t0.L00.bc_expand":25,"t0.L00.block_inv":15,"t0.L00.conv_silu":24,"t0.L00.decay":19,"t0.L00.dt":25,"t0.L00.gate_silu":24,"t0.L00.gated_inv":27,"t0.L00.output":28,"t0.L00.proj":16,"t0.L00.state0":28,"t0.L00.state1":28,"t0.L00.state2":28,"t0.L00.state3":28,"t0.L00.state4":28,"t0.L00.state5":28,"t0.L00.y":19,"t1.L00.bc_expand":25,"t1.L00.block_inv":15,"t1.L00.conv_silu":24,"t1.L00.decay":19,"t1.L00.dt":25,"t1.L00.gate_silu":24,"t1.L00.gated_inv":27,"t1.L00.output":28,"t1.L00.proj":16,"t1.L00.state0":28,"t1.L00.state1":28,"t1.L00.state2":28,"t1.L00.state3":28,"t1.L00.state4":28,"t1.L00.state5":28,"t1.L00.y":19},"timing":{"setup_seconds":16.84136079,"pt_cache_encode_seconds":0.488616092,"rotate_keygen_seconds":1.797090101,"bootstrap_precompute_seconds":4.203150355,"bootstrap_eval_seconds":6.951913593,"load_context_seconds":9.64885184,"eval_seconds":194.306920522,"decrypt_seconds":0.105299295},"phase_timings":{"bc_expand":3.473053926,"block_norm":1.430118034,"bootstrap":6.951902105,"conv_fifo":0.274217344,"conv_silu_poly":1.416309685,"decay_exp_poly":0.656152603,"decay_expand":1.118635809,"dt_expand":0.94588612,"dt_softplus_poly":1.21681529,"encrypt_input":0.266295822,"gate_silu_poly":1.231187503,"gated_norm":2.632628126,"in_proj_bsgs":111.486064989,"out_proj_bsgs":62.309184608,"readout":0.330759346,"residual_add":0.0064273,"skip_gate":0.025489687,"state_update":0.169406533,"x_expand":0.349934818},"phase_operation_counts":{"bc_expand":{"rotations":172,"rotations_direct":32,"rotations_composite_steps":586,"ct_pt_mul":512,"ct_ct_mul":0,"adds":540,"unity_level_align_muls":0,"bootstraps":0},"block_norm":{"rotations":30,"rotations_direct":30,"rotations_composite_steps":0,"ct_pt_mul":126,"ct_ct_mul":54,"adds":172,"unity_level_align_muls":256,"bootstraps":0},"bootstrap":{"rotations":0,"rotations_direct":0,"rotations_composite_steps":0,"ct_pt_mul":28,"ct_ct_mul":0,"adds":0,"unity_level_align_muls":0,"bootstraps":14},"conv_fifo":{"rotations":0,"rotations_direct":0,"rotations_composite_steps":0,"ct_pt_mul":3,"ct_ct_mul":0,"adds":3,"unity_level_align_muls":2,"bootstraps":0},"conv_silu_poly":{"rotations":2,"rotations_direct":0,"rotations_composite_steps":4,"ct_pt_mul":216,"ct_ct_mul":46,"adds":260,"unity_level_align_muls":824,"bootstraps":0},"decay_exp_poly":{"rotations":0,"rotations_direct":0,"rotations_composite_steps":0,"ct_pt_mul":38,"ct_ct_mul":22,"adds":54,"unity_level_align_muls":596,"bootstraps":0},"decay_expand":{"rotations":204,"rotations_direct":156,"rotations_composite_steps":146,"ct_pt_mul":48,"ct_ct_mul":0,"adds":192,"unity_level_align_muls":0,"bootstraps":0},"dt_expand":{"rotations":204,"rotations_direct":156,"rotations_composite_steps":146,"ct_pt_mul":48,"ct_ct_mul":0,"adds":192,"unity_level_align_muls":0,"bootstraps":0},"dt_softplus_poly":{"rotations":0,"rotations_direct":0,"rotations_composite_steps":0,"ct_pt_mul":58,"ct_ct_mul":40,"adds":96,"unity_level_align_muls":636,"bootstraps":0},"encrypt_input":{"rotations":0,"rotations_direct":0,"rotations_composite_steps":0,"ct_pt_mul":0,"ct_ct_mul":0,"adds":0,"unity_level_align_muls":0,"bootstraps":0},"gate_silu_poly":{"rotations":0,"rotations_direct":0,"rotations_composite_steps":0,"ct_pt_mul":156,"ct_ct_mul":42,"adds":198,"unity_level_align_muls":752,"bootstraps":0},"gated_norm":{"rotations":30,"rotations_direct":30,"rotations_composite_steps":0,"ct_pt_mul":42,"ct_ct_mul":80,"adds":60,"unity_level_align_muls":224,"bootstraps":4},"in_proj_bsgs":{"rotations":254,"rotations_direct":32,"rotations_composite_steps":578,"ct_pt_mul":8238,"ct_ct_mul":2,"adds":8236,"unity_level_align_muls":30,"bootstraps":0},"out_proj_bsgs":{"rotations":196,"rotations_direct":30,"rotations_composite_steps":418,"ct_pt_mul":4606,"ct_ct_mul":2,"adds":4604,"unity_level_align_muls":14,"bootstraps":0},"readout":{"rotations":94,"rotations_direct":90,"rotations_composite_steps":8,"ct_pt_mul":12,"ct_ct_mul":12,"adds":84,"unity_level_align_muls":36,"bootstraps":0},"residual_add":{"rotations":0,"rotations_direct":0,"rotations_composite_steps":0,"ct_pt_mul":0,"ct_ct_mul":0,"adds":2,"unity_level_align_muls":2,"bootstraps":0},"skip_gate":{"rotations":0,"rotations_direct":0,"rotations_composite_steps":0,"ct_pt_mul":2,"ct_ct_mul":2,"adds":2,"unity_level_align_muls":22,"bootstraps":0},"state_update":{"rotations":0,"rotations_direct":0,"rotations_composite_steps":0,"ct_pt_mul":0,"ct_ct_mul":30,"adds":6,"unity_level_align_muls":84,"bootstraps":0},"x_expand":{"rotations":94,"rotations_direct":90,"rotations_composite_steps":8,"ct_pt_mul":12,"ct_ct_mul":0,"adds":84,"unity_level_align_muls":0,