{"version":"0.0.0+unknown","repo_commit":"unknown","stage":"stage1-mamba2-decode-fideslib","backend":"fideslib-gpu","encrypted":true,"config":{"input_mode":"fhemamba-m1-payload"},"status":"passed","passed":true,"parameters":{"d_model":768,"d_inner":1536,"num_heads":24,"head_dim":64,"state_size":128,"n_groups":1,"conv_kernel":4,"conv_dim":1792,"proj_dim":3352,"state_group_count":6,"batch_size":32768,"ring_dimension":65536,"multiplicative_depth":44,"scaling_mod_size":59,"first_mod_size":60,"security":"not-set","secret_key_dist":"sparse-ternary","tokens":2,"tolerance":0.05,"baby_step_in":64,"baby_step_out":64,"chain_mode":true,"n_layers_total":24,"n_layers_loaded":4,"max_layers":4,"final_norm_applied":false,"auto_bootstrap_headroom":12,"streams":1,"stream_stride":32768,"bsgs_layout":{"mode":"auto","in_replicas":7,"in_window":4608,"in_diagonals":110,"out_replicas":10,"out_window":3072,"out_diagonals":154},"bootstrap_norm_margin":1.5,"bootstrap_before_token":[]},"measurements":{"max_abs_error":0.0284082555324,"per_token_max_abs_error":[0.0175604259581,0.0284082555324],"token0_decrypted_sample":[-0.343214325566,-2.03160054651,5.08976345297,0.816296376259,-2.32107206609,-11.466293817,-2.95090917808,-2.23058026848],"token0_expected_sample":[-0.344147443771,-2.03171396255,5.08751344681,0.821858823299,-2.33383893967,-11.462521553,-2.95620083809,-2.2318854332],"max_interstream_deviation":0,"per_token_bootstrap_count":[55,49],"required_application_rotation_key_count":363,"estimated_token_output_levels":[61,66],"estimated_required_depth_without_bootstrap":69,"segment_requirements":{"residual":18,"proj":10,"fifo":9,"conv":6,"dt_decay":10,"decay":3,"state_pre":5,"state_tail":4,"y_gated":4,"y_out":2,"newton_iteration":2,"max_segment":18,"assumed_bootstrap_output_level":18},"rotation_keys":{"mode":"compact","budget_gib":45,"keys_total":32,"keys_gib_est":5.625,"per_key_gib_est":0.17578125,"required_indices_count":363,"base":32,"direct":0,"composite_apps_per_token":6084},"required_rotation_indices":[-31620,-30600,-29580,-28560,-27648,-27540,-26520,-25500,-24576,-24480,-23460,-23040,-22440,-21504,-21420,-20400,-19380,-18432,-18360,-17340,-16384,-16320,-15360,-15300,-14280,-13824,-13260,-12288,-12240,-11220,-10200,-9216,-9180,-8192,-8160,-7140,-6144,-6120,-5100,-4608,-4096,-4080,-3840,-3072,-3060,-2304,-2048,-2040,-1536,-1280,-1024,-1020,-768,-512,-256,-189,-128,-126,-64,-63,-32,-16,-8,-4,-2,-1,1,2,4,7,8,10,14,16,20,21,28,30,32,35,40,42,49,50,56,60,63,64,70,77,80,84,90,91,98,100,105,110,112,119,120,126,128,130,133,140,147,150,154,160,161,168,170,175,180,182,189,190,196,200,203,210,217,220,224,230,231,238,240,245,250,252,256,259,260,266,270,273,280,287,290,294,300,301,308,310,315,320,322,329,330,336,340,343,350,357,360,364,370,371,378,380,385,390,392,399,400,406,410,413,420,427,430,434,440,441,448,450,455,460,462,469,470,476,480,483,490,497,500,504,510,511,512,518,520,525,530,532,539,540,546,550,553,560,567,570,574,580,581,588,590,595,600,602,609,610,616,620,623,630,637,640,644,650,651,658,660,665,670,672,679,680,686,690,693,700,707,710,714,720,721,728,730,735,740,742,749,750,756,760,763,768,770,771,780,790,800,810,820,830,840,850,860,870,880,890,899,900,910,920,930,940,950,960,970,980,990,1000,1010,1020,1024,1026,1030,1040,1050,1060,1070,1080,1090,1100,1110,1120,1130,1140,1150,1154,1160,1170,1180,1190,1200,1210,1220,1230,1240,1250,1260,1270,1280,1281,1290,1300,1310,1320,1330,1340,1350,1360,1370,1380,1390,1400,1409,1410,1420,1430,1440,1450,1460,1470,1480,1490,1500,1510,1520,1530,1536,1664,2048,3073,3328,3332,3336,3340,3344,3348,4096,4609,6146,8192,9218,9219,12292,13827,15365,16384,18436,18438,21511,23045,24584,27654,27657],"plaintext_coefficient_floor":1e-08,"pt_cache":{"mode":"full","budget_gib":20,"encode_level":0,"bytes_per_plaintext":23592960,"entries_registered":1235,"entries_cached":910,"bytes_cached_gib":19.9951171875,"hits":4058,"misses":650,"encode_seconds":3.080283368,"encode_threads_requested":8,"encode_threads_effective":8,"encode_selftest":"passed","pt_reuse_check":"passed"},"executed_bootstrap_count":104,"peak_rss_gib":44.7318649292,"rss_gib":44.6079750061},"layer_token_summary":{"t0.L00":{"level_in":0,"level_out":28,"bootstraps":4},"t0.L01":{"level_in":19,"level_out":33,"bootstraps":17},"t0.L02":{"level_in":19,"level_out":33,"bootstraps":17},"t0.L03":{"level_in":19,"level_out":33,"bootstraps":17},"t1.L00":{"level_in":0,"level_out":28,"bootstraps":10},"t1.L01":{"level_in":19,"level_out":28,"bootstraps":8},"t1.L02":{"level_in":19,"level_out":33,"bootstraps":23},"t1.L03":{"level_in":19,"level_out":28,"bootstraps":8}},"ckks_levels":{"t0.L00.bc_expand":25,"t0.L00.block_inv":15,"t0.L00.conv_silu":24,"t0.L00.decay":19,"t0.L00.dt":25,"t0.L00.gate_silu":24,"t0.L00.gated_inv":27,"t0.L00.output":28,"t0.L00.proj":16,"t0.L00.state0":28,"t0.L00.state1":28,"t0.L00.state2":28,"t0.L00.state3":28,"t0.L00.state4":28,"t0.L00.state5":28,"t0.L00.y":19,"t0.L01.bc_expand":20,"t0.L01.block_inv":25,"t0.L01.conv_silu":19,"t0.L01.decay":25,"t0.L01.dt":19,"t0.L01.gate_silu":27,"t0.L01.gated_inv":32,"t0.L01.output":33,"t0.L01.proj":19,"t0.L01.state0":22,"t0.L01.state1":22,"t0.L01.state2":22,"t0.L01.state3":22,"t0.L01.state4":22,"t0.L01.state5":22,"t0.L01.y":28,"t0.L02.bc_expand":20,"t0.L02.block_inv":25,"t0.L02.conv_silu":19,"t0.L02.decay":28,"t0.L02.dt":19,"t0.L02.gate_silu":27,"t0.L02.gated_inv":32,"t0.L02.output":33,"t0.L02.proj":19,"t0.L02.state0":22,"t0.L02.state1":22,"t0.L02.state2":22,"t0.L02.state3":22,"t0.L02.state4":22,"t0.L02.state5":22,"t0.L02.y":28,"t0.L03.bc_expand":20,"t0.L03.block_inv":25,"t0.L03.conv_silu":19,"t0.L03.decay":25,"t0.L03.dt":19,"t0.L03.gate_silu":27,"t0.L03.gated_inv":32,"t0.L03.output":33,"t0.L03.proj":19,"t0.L03.state0":22,"t0.L03.state1":22,"t0.L03.state2":22,"t0.L03.state3":22,"t0.L03.state4":22,"t0.L03.state5":22,"t0.L03.y":28,"t1.L00.bc_expand":25,"t1.L00.block_inv":15,"t1.L00.conv_silu":24,"t1.L00.decay":19,"t1.L00.dt":25,"t1.L00.gate_silu":24,"t1.L00.gated_inv":27,"t1.L00.output":28,"t1.L00.proj":16,"t1.L00.state0":28,"t1.L00.state1":28,"t1.L00.state2":28,"t1.L00.state3":28,"t1.L00.state4":28,"t1.L00.state5":28,"t1.L00.y":19,"t1.L01.bc_expand":20,"t1.L01.block_inv":25,"t1.L01.conv_silu":19,"t1.L01.decay":25,"t1.L01.dt":19,"t1.L01.gate_silu":27,"t1.L01.gated_inv":27,"t1.L01.output":28,"t1.L01.proj":19,"t1.L01.state0":27,"t1.L01.state1":27,"t1.L01.state2":27,"t1.L01.state3":27,"t1.L01.state4":27,"t1.L01.state5":27,"t1.L01.y":19,"t1.L02.bc_expand":20,"t1.L02.block_inv":25,"t1.L02.conv_silu":19,"t1.L02.decay":28,"t1.L02.dt":19,"t1.L02.gate_silu":27,"t1.L02.gated_inv":32,"t1.L02.output":33,"t1.L02.proj":19,"t1.L02.state0":19,"t1.L02.state1":19,"t1.L02.state2":19,"t1.L02.state3":19,"t1.L02.state4":19,"t1.L02.state5":19,"t1.L02.y":28,"t1.L03.bc_expand":20,"t1.L03.block_inv":25,"t1.L03.conv_silu":19,"t1.L03.decay":25,"t1.L03.dt":19,"t1.L03.gate_silu":27,"t1.L03.gated_inv":27,"t1.L03.output":28,"t1.L03.proj":19,"t1.L03.state0":27,"t1.L03.state1":27,"t1.L03.state2":27,"t1.L03.state3":27,"t1.L03.state4":27,"t1.L03.state5":27,"t1.L03.y":19},"timing":{"setup_seconds":17.415393246,"pt_cache_encode_seconds":3.080283368,"rotate_keygen_seconds":1.796374072,"bootstrap_precompute_seconds":4.278022581,"bootstrap_eval_seconds":51.908370846,"load_context_seconds":10.148013344,"eval_seconds":155.747638702,"decrypt_seconds":0.117213132},"phase_timings":{"bc_expand":12.732115701,"block_norm":8.179288775,"bootstrap":51.908274542,"conv_fifo":1.308100814,"conv_silu_poly":5.700636031,"decay_exp_poly":2.697880522,"decay_expand":3.767704566,"dt_expand":4.286223524,"dt_softplus_poly":5.903377011,"encrypt_input":0.290467372,"gate_silu_poly":5.010686538,"gated_norm":31.200996692,"in_proj_bsgs":23.083087699,"out_proj_bsgs":26.733761077,"readout":1.533272338,"residual_add":0.052112985,"skip_gate":0.105002806,"state_update":0.719516956,"x_expand":1.453405328},"phase_operation_counts":{"bc_expand":{"rotations":688,"rotations_direct":128,"rotations_composite_steps":2344,