{"version":"0.0.0+unknown","repo_commit":"unknown","stage":"stage1-mamba2-decode-fideslib","backend":"fideslib-gpu","encrypted":true,"config":{"input_mode":"fhemamba-m1-payload"},"status":"passed","passed":true,"parameters":{"d_model":768,"d_inner":1536,"num_heads":24,"head_dim":64,"state_size":128,"n_groups":1,"conv_kernel":4,"conv_dim":1792,"proj_dim":3352,"state_group_count":6,"batch_size":32768,"ring_dimension":65536,"multiplicative_depth":44,"scaling_mod_size":59,"first_mod_size":60,"security":"not-set","secret_key_dist":"sparse-ternary","tokens":2,"tolerance":0.05,"baby_step_in":64,"baby_step_out":64,"chain_mode":true,"n_layers_total":24,"n_layers_loaded":4,"max_layers":4,"final_norm_applied":false,"auto_bootstrap_headroom":12,"streams":1,"stream_stride":32768,"bootstrap_norm_margin":1.5,"bootstrap_before_token":[]},"measurements":{"max_abs_error":0.0246876121756,"per_token_max_abs_error":[0.00630129440276,0.0246876121756],"token0_decrypted_sample":[-0.342604044623,-2.03180805906,5.08668907467,0.817574469946,-2.33261557765,-11.4649558949,-2.95374365789,-2.23227864942],"token0_expected_sample":[-0.344147443771,-2.03171396255,5.08751344681,0.821858823299,-2.33383893967,-11.462521553,-2.95620083809,-2.2318854332],"max_interstream_deviation":0,"per_token_bootstrap_count":[55,49],"required_application_rotation_key_count":200,"estimated_token_output_levels":[61,66],"estimated_required_depth_without_bootstrap":69,"segment_requirements":{"residual":18,"proj":10,"fifo":9,"conv":6,"dt_decay":10,"decay":3,"state_pre":5,"state_tail":4,"y_gated":4,"y_out":2,"newton_iteration":2,"max_segment":18,"assumed_bootstrap_output_level":18},"rotation_keys":{"mode":"full","budget_gib":45,"keys_total":200,"keys_gib_est":35.15625,"per_key_gib_est":0.17578125,"required_indices_count":200,"base":31,"direct":200,"composite_apps_per_token":0},"required_rotation_indices":[-31620,-30600,-29580,-28560,-27540,-26520,-25500,-24480,-23460,-22440,-21420,-20400,-19380,-18360,-17340,-16384,-16320,-15300,-14280,-13260,-12240,-11220,-10200,-9180,-8192,-8160,-7140,-6120,-5100,-4096,-4080,-3392,-3328,-3264,-3200,-3136,-3072,-3060,-3008,-2944,-2880,-2816,-2752,-2688,-2624,-2560,-2496,-2432,-2368,-2304,-2240,-2176,-2112,-2048,-2040,-1984,-1920,-1856,-1792,-1728,-1664,-1600,-1536,-1472,-1408,-1344,-1280,-1216,-1152,-1088,-1024,-1020,-960,-896,-832,-768,-704,-640,-576,-512,-448,-384,-320,-256,-192,-189,-128,-126,-64,-63,-32,-16,-8,-4,-2,-1,1,2,3,4,5,6,7,8,9,10,11,12,13,14,15,16,17,18,19,20,21,22,23,24,25,26,27,28,29,30,31,32,33,34,35,36,37,38,39,40,41,42,43,44,45,46,47,48,49,50,51,52,53,54,55,56,57,58,59,60,61,62,63,64,128,192,256,320,384,448,512,576,640,704,768,771,832,896,899,960,1024,1026,1088,1152,1154,1216,1280,1281,1344,1408,1409,1472,1536,1664,2048,3328,3332,3336,3340,3344,3348,4096,8192,16384],"plaintext_coefficient_floor":1e-08,"pt_cache":{"mode":"masks","budget_gib":40,"encode_level":0,"bytes_per_plaintext":23592960,"entries_registered":178,"entries_cached":178,"bytes_cached_gib":3.9111328125,"hits":2588,"misses":51376,"encode_seconds":0.612832395,"encode_threads_requested":8,"encode_threads_effective":8,"encode_selftest":"passed","pt_reuse_check":"passed"},"executed_bootstrap_count":104,"peak_rss_gib":54.1047744751,"rss_gib":50.9081993103},"layer_token_summary":{"t0.L00":{"level_in":0,"level_out":28,"bootstraps":4},"t0.L01":{"level_in":19,"level_out":33,"bootstraps":17},"t0.L02":{"level_in":19,"level_out":33,"bootstraps":17},"t0.L03":{"level_in":19,"level_out":33,"bootstraps":17},"t1.L00":{"level_in":0,"level_out":28,"bootstraps":10},"t1.L01":{"level_in":19,"level_out":28,"bootstraps":8},"t1.L02":{"level_in":19,"level_out":33,"bootstraps":23},"t1.L03":{"level_in":19,"level_out":28,"bootstraps":8}},"ckks_levels":{"t0.L00.bc_expand":25,"t0.L00.block_inv":15,"t0.L00.conv_silu":24,"t0.L00.decay":19,"t0.L00.dt":25,"t0.L00.gate_silu":24,"t0.L00.gated_inv":27,"t0.L00.output":28,"t0.L00.proj":16,"t0.L00.state0":28,"t0.L00.state1":28,"t0.L00.state2":28,"t0.L00.state3":28,"t0.L00.state4":28,"t0.L00.state5":28,"t0.L00.y":19,"t0.L01.bc_expand":20,"t0.L01.block_inv":25,"t0.L01.conv_silu":19,"t0.L01.decay":25,"t0.L01.dt":19,"t0.L01.gate_silu":27,"t0.L01.gated_inv":32,"t0.L01.output":33,"t0.L01.proj":19,"t0.L01.state0":22,"t0.L01.state1":22,"t0.L01.state2":22,"t0.L01.state3":22,"t0.L01.state4":22,"t0.L01.state5":22,"t0.L01.y":28,"t0.L02.bc_expand":20,"t0.L02.block_inv":25,"t0.L02.conv_silu":19,"t0.L02.decay":28,"t0.L02.dt":19,"t0.L02.gate_silu":27,"t0.L02.gated_inv":32,"t0.L02.output":33,"t0.L02.proj":19,"t0.L02.state0":22,"t0.L02.state1":22,"t0.L02.state2":22,"t0.L02.state3":22,"t0.L02.state4":22,"t0.L02.state5":22,"t0.L02.y":28,"t0.L03.bc_expand":20,"t0.L03.block_inv":25,"t0.L03.conv_silu":19,"t0.L03.decay":25,"t0.L03.dt":19,"t0.L03.gate_silu":27,"t0.L03.gated_inv":32,"t0.L03.output":33,"t0.L03.proj":19,"t0.L03.state0":22,"t0.L03.state1":22,"t0.L03.state2":22,"t0.L03.state3":22,"t0.L03.state4":22,"t0.L03.state5":22,"t0.L03.y":28,"t1.L00.bc_expand":25,"t1.L00.block_inv":15,"t1.L00.conv_silu":24,"t1.L00.decay":19,"t1.L00.dt":25,"t1.L00.gate_silu":24,"t1.L00.gated_inv":27,"t1.L00.output":28,"t1.L00.proj":16,"t1.L00.state0":28,"t1.L00.state1":28,"t1.L00.state2":28,"t1.L00.state3":28,"t1.L00.state4":28,"t1.L00.state5":28,"t1.L00.y":19,"t1.L01.bc_expand":20,"t1.L01.block_inv":25,"t1.L01.conv_silu":19,"t1.L01.decay":25,"t1.L01.dt":19,"t1.L01.gate_silu":27,"t1.L01.gated_inv":27,"t1.L01.output":28,"t1.L01.proj":19,"t1.L01.state0":27,"t1.L01.state1":27,"t1.L01.state2":27,"t1.L01.state3":27,"t1.L01.state4":27,"t1.L01.state5":27,"t1.L01.y":19,"t1.L02.bc_expand":20,"t1.L02.block_inv":25,"t1.L02.conv_silu":19,"t1.L02.decay":28,"t1.L02.dt":19,"t1.L02.gate_silu":27,"t1.L02.gated_inv":32,"t1.L02.output":33,"t1.L02.proj":19,"t1.L02.state0":19,"t1.L02.state1":19,"t1.L02.state2":19,"t1.L02.state3":19,"t1.L02.state4":19,"t1.L02.state5":19,"t1.L02.y":28,"t1.L03.bc_expand":20,"t1.L03.block_inv":25,"t1.L03.conv_silu":19,"t1.L03.decay":25,"t1.L03.dt":19,"t1.L03.gate_silu":27,"t1.L03.gated_inv":27,"t1.L03.output":28,"t1.L03.proj":19,"t1.L03.state0":27,"t1.L03.state1":27,"t1.L03.state2":27,"t1.L03.state3":27,"t1.L03.state4":27,"t1.L03.state5":27,"t1.L03.y":19},"timing":{"setup_seconds":30.10300018,"pt_cache_encode_seconds":0.612832395,"rotate_keygen_seconds":9.156540632,"bootstrap_precompute_seconds":4.300776948,"bootstrap_eval_seconds":51.619469018,"load_context_seconds":15.441568009,"eval_seconds":770.57047816,"decrypt_seconds":0.190898124},"phase_timings":{"bc_expand":7.556571814,"block_norm":8.125032332,"bootstrap":51.619386474,"conv_fifo":1.258562653,"conv_silu_poly":5.625434414,"decay_exp_poly":2.708880221,"decay_expand":2.724184668,"dt_expand":3.115936225,"dt_softplus_poly":5.633237116,"encrypt_input":0.278713096,"gate_silu_poly":4.962460513,"gated_norm":30.969004732,"in_proj_bsgs":434.241763344,"out_proj_bsgs":238.684867883,"readout":1.501050261,"residual_add":0.054986028,"skip_gate":0.105821791,"state_update":0.723535923,"x_expand":1.408949941},"phase_operation_counts":{"bc_expand":{"rotations":688,"rotations_direct":688,"rotations_composite_steps":0,"ct_pt_mul":2048,"ct_ct_mul":0,"adds":2160,"unity_level_align_muls":0,"bootstraps":0},"block_norm":{"rotations":120,"rotations_direct":120,"rotations_composite_steps":0,"ct_pt_mul":516,"ct_ct_mul":216,"adds":688,"unity_level_align_muls":2620,"bootstraps":6},"bootstrap":{"rotations":0,"rotations_direct":0,"rotations_composite_steps":0,"ct_pt_mul":208,"ct_ct_mul":0,"adds":0,"unity_level_align_muls":0,"bootstraps":104},"conv_fifo":{"rotations":0,"rotations_direct":0,"rotations_composite_steps":0,"ct_pt_mul":12,"ct_ct_mul":0,"adds":12,"unity_level_align_muls":8,"bootstraps":0},"conv_silu_poly":{"rotations":8,"rotations_direct":8,"rotations_composite_steps":0,"ct_pt_mul":864,"ct_ct_mul":184,"adds":1040,"unity_level_align_muls":3602,"bootstraps":0},"decay_exp_poly":{"rotations":0,"rotations_direct":0,"rotations_composite_steps":0,"ct_pt_mul":182,"ct_ct_mul":94,