{
  "0:rms_invsqrt": [
    0.04303869232535362,
    0.4678163528442383
  ],
  "0:conv_silu": [
    -8.59841537475586,
    2.5880725383758545
  ],
  "0:dt_softplus": [
    -20.870731353759766,
    3.2296550273895264
  ],
  "0:decay_exp": [
    -297878.78125,
    -1.2854992625932482e-09
  ],
  "0:gate_silu": [
    -4.7127556800842285,
    10.601292610168457
  ],
  "1:rms_invsqrt": [
    0.05348944291472435,
    0.4368249773979187
  ],
  "1:conv_silu": [
    -7.178463459014893,
    5.522721767425537
  ],
  "1:dt_softplus": [
    -17.97819709777832,
    4.018956184387207
  ],
  "1:decay_exp": [
    -73915.8359375,
    -1.619345724179766e-08
  ],
  "1:gate_silu": [
    -6.777925968170166,
    8.447686195373535
  ],
  "2:rms_invsqrt": [
    0.06864389777183533,
    0.6192936897277832
  ],
  "2:conv_silu": [
    -6.312185764312744,
    14.088667869567871
  ],
  "2:dt_softplus": [
    -21.012882232666016,
    1.7881712913513184
  ],
  "2:decay_exp": [
    -64403.86328125,
    -3.5778811025011237e-09
  ],
  "2:gate_silu": [
    -5.22573709487915,
    7.740324974060059
  ],
  "3:rms_invsqrt": [
    0.08705732226371765,
    0.7055618762969971
  ],
  "3:conv_silu": [
    -4.7662353515625,
    3.929694414138794
  ],
  "3:dt_softplus": [
    -16.324548721313477,
    2.4948363304138184
  ],
  "3:decay_exp": [
    -69430.734375,
    -2.341001348327154e-08
  ],
  "3:gate_silu": [
    -6.779508590698242,
    14.351898193359375
  ],
  "4:rms_invsqrt": [
    0.1028173565864563,
    0.9674462080001831
  ],
  "4:conv_silu": [
    -4.473605155944824,
    4.392479419708252
  ],
  "4:dt_softplus": [
    -18.50543975830078,
    1.0383652448654175
  ],
  "4:decay_exp": [
    -5988.20751953125,
    -9.719952842601742e-09
  ],
  "4:gate_silu": [
    -6.702683448791504,
    9.906213760375977
  ],
  "5:rms_invsqrt": [
    0.11567340791225433,
    1.5814642906188965
  ],
  "5:conv_silu": [
    -4.524754524230957,
    4.434356212615967
  ],
  "5:dt_softplus": [
    -17.458656311035156,
    1.7861824035644531
  ],
  "5:decay_exp": [
    -170449.90625,
    -7.425006032235615e-08
  ],
  "5:gate_silu": [
    -6.184366226196289,
    9.532655715942383
  ],
  "6:rms_invsqrt": [
    0.14590822160243988,
    1.7949960231781006
  ],
  "6:conv_silu": [
    -5.374053955078125,
    4.424990653991699
  ],
  "6:dt_softplus": [
    -21.057283401489258,
    1.7006710767745972
  ],
  "6:decay_exp": [
    -15907.1708984375,
    -8.307699528309342e-10
  ],
  "6:gate_silu": [
    -7.990138053894043,
    11.550439834594727
  ],
  "7:rms_invsqrt": [
    0.1811579167842865,
    2.425915241241455
  ],
  "7:conv_silu": [
    -4.746918678283691,
    4.724729537963867
  ],
  "7:dt_softplus": [
    -17.06354331970215,
    1.0201315879821777
  ],
  "7:decay_exp": [
    -40785.90625,
    -2.73502887004895e-09
  ],
  "7:gate_silu": [
    -6.977481842041016,
    11.533803939819336
  ],
  "8:rms_invsqrt": [
    0.22421075403690338,
    3.8743362426757812
  ],
  "8:conv_silu": [
    -7.5459747314453125,
    4.563281536102295
  ],
  "8:dt_softplus": [
    -21.000402450561523,
    9.289321899414062
  ],
  "8:decay_exp": [
    -4138066.0,
    -3.2155755835816535e-10
  ],
  "8:gate_silu": [
    -6.136421203613281,
    9.419646263122559
  ],
  "9:rms_invsqrt": [
    0.3037343919277191,
    5.326516628265381
  ],
  "9:conv_silu": [
    -6.121863842010498,
    5.967819690704346
  ],
  "9:dt_softplus": [
    -16.199356079101562,
    3.084468364715576
  ],
  "9:decay_exp": [
    -160901.5,
    -1.1200802063626725e-08
  ],
  "9:gate_silu": [
    -7.48389196395874,
    10.086223602294922
  ],
  "10:rms_invsqrt": [
    0.39489254355430603,
    6.0884480476379395
  ],
  "10:conv_silu": [
    -6.0757927894592285,
    5.310725212097168
  ],
  "10:dt_softplus": [
    -19.73855972290039,
    6.213862419128418
  ],
  "10:decay_exp": [
    -143819.859375,
    -4.56419679828457e-10
  ],
  "10:gate_silu": [
    -13.240562438964844,
    8.64941120147705
  ],
  "11:rms_invsqrt": [
    0.44176778197288513,
    7.0340800285339355
  ],
  "11:conv_silu": [
    -5.05544376373291,
    5.739579200744629
  ],
  "11:dt_softplus": [
    -20.975902557373047,
    5.163989067077637
  ],
  "11:decay_exp": [
    -159075.703125,
    -3.473747678395256e-10
  ],
  "11:gate_silu": [
    -7.75739860534668,
    10.922842979431152
  ],
  "12:rms_invsqrt": [
    0.5870215892791748,
    10.070898056030273
  ],
  "12:conv_silu": [
    -6.619952201843262,
    10.013412475585938
  ],
  "12:dt_softplus": [
    -25.427532196044922,
    3.6293840408325195
  ],
  "12:decay_exp": [
    -335779.625,
    -2.711466121074757e-11
  ],
  "12:gate_silu": [
    -11.843694686889648,
    9.702981948852539
  ],
  "13:rms_invsqrt": [
    0.6663345098495483,
    10.710006713867188
  ],
  "13:conv_silu": [
    -7.120574951171875,
    6.416383266448975
  ],
  "13:dt_softplus": [
    -23.09046173095703,
    3.304630994796753
  ],
  "13:decay_exp": [
    -97770.46875,
    -4.182594270929485e-10
  ],
  "13:gate_silu": [
    -8.082446098327637,
    13.021819114685059
  ],
  "14:rms_invsqrt": [
    1.021340250968933,
    11.175564765930176
  ],
  "14:conv_silu": [
    -7.592079162597656,
    6.977157115936279
  ],
  "14:dt_softplus": [
    -21.07976722717285,
    1.5059876441955566
  ],
  "14:decay_exp": [
    -177926.875,
    -1.3908575402510337e-09
  ],
  "14:gate_silu": [
    -11.451904296875,
    13.466924667358398
  ],
  "15:rms_invsqrt": [
    1.3541830778121948,
    13.140890121459961
  ],
  "15:conv_silu": [
    -7.461081504821777,
    6.440671920776367
  ],
  "15:dt_softplus": [
    -23.020130157470703,
    2.047253131866455
  ],
  "15:decay_exp": [
    -117599.0390625,
    -1.95366292587984e-10
  ],
  "15:gate_silu": [
    -12.157240867614746,
    12.693157196044922
  ],
  "16:rms_invsqrt": [
    1.5463446378707886,
    15.065770149230957
  ],
  "16:conv_silu": [
    -8.273299217224121,
    6.595376491546631
  ],
  "16:dt_softplus": [
    -29.04119873046875,
    2.3089089393615723
  ],
  "16:decay_exp": [
    -512886.75,
    -5.984095597516559e-13
  ],
  "16:gate_silu": [
    -13.202322959899902,
    18.249446868896484
  ],
  "17:rms_invsqrt": [
    1.6312706470489502,
    17.788785934448242
  ],
  "17:conv_silu": [
    -12.771282196044922,
    8.915511131286621
  ],
  "17:dt_softplus": [
    -29.044885635375977,
    0.39806175231933594
  ],
  "17:decay_exp": [
    -226958.140625,
    -1.1130583488314777e-13
  ],
  "17:gate_silu": [
    -12.116437911987305,
    13.697352409362793
  ],
  "18:rms_invsqrt": [
    1.6690845489501953,
    21.627641677856445
  ],
  "18:conv_silu": [
    -7.11568546295166,
    8.372577667236328
  ],
  "18:dt_softplus": [
    -19.88344955444336,
    3.0856499671936035
  ],
  "18:decay_exp": [
    -178104.953125,
    -1.5665001518172517e-09
  ],
  "18:gate_silu": [
    -9.955554008483887,
    18.19755744934082
  ],
  "19:rms_invsqrt": [
    2.0492756366729736,
    26.9826717376709
  ],
  "19:conv_silu": [
    -15.25411319732666,
    8.373941421508789
  ],
  "19:dt_softplus": [
    -22.937788009643555,
    0.6554296612739563
  ],
  "19:decay_exp": [
    -308513.0,
    -2.356821959814681e-10
  ],
  "19:gate_silu": [
    -14.318164825439453,
    23.58106231689453
  ],
  "20:rms_invsqrt": [
    2.1389102935791016,
    45.57522964477539
  ],
  "20:conv_silu": [
    -8.118799209594727,
    10.298707008361816
  ],
  "20:dt_softplus": [
    -23.631858825683594,
    0.8210546970367432
  ],
  "20:decay_exp": [
    -299188.03125,
    -4.356505781122344e-11
  ],
  "20:gate_silu": [
    -13.899210929870605,
    23.954294204711914
  ],
  "21:rms_invsqrt": [
    1.077691674232483,
    162.93600463867188
  ],
  "21:conv_silu": [
    -4.750705242156982,
    5.807176113128662
  ],
  "21:dt_softplus": [
    -15.728340148925781,
    4.467459678649902
  ],
  "21:decay_exp": [
    -1190581.625,
    -2.8378599026268603e-08
  ],
  "21:gate_silu": [
    -9.566102981567383,
    10.824034690856934
  ],
  "22:rms_invsqrt": [
    1.3805816173553467,
    323.00128173828125
  ],