{
  "0:rms_invsqrt": [
    0.05317889153957367,
    0.6888422966003418
  ],
  "0:conv_silu": [
    -26.912174224853516,
    9.04150390625
  ],
  "0:dt_softplus": [
    -4.3754706382751465,
    -2.1744697093963623
  ],
  "0:decay_exp": [
    -0.42378148436546326,
    -0.0076901656575500965
  ],
  "0:gate_silu": [
    -2.868502140045166,
    4.966480255126953
  ],
  "0:gated_rms_invsqrt": [
    0.00016346070333383977,
    74.47096252441406
  ],
  "1:rms_invsqrt": [
    0.4645511507987976,
    25.95884132385254
  ],
  "1:conv_silu": [
    -14.473650932312012,
    12.802170753479004
  ],
  "1:dt_softplus": [
    -6.839187145233154,
    6.639716148376465
  ],
  "1:decay_exp": [
    -1.752526879310608,
    -0.00016949369455687702
  ],
  "1:gate_silu": [
    -20.74706268310547,
    16.634965896606445
  ],
  "1:gated_rms_invsqrt": [
    1.1609790325164795,
    2429.311767578125
  ],
  "2:rms_invsqrt": [
    1.748854637145996,
    41.271907806396484
  ],
  "2:conv_silu": [
    -17.39873695373535,
    14.828726768493652
  ],
  "2:dt_softplus": [
    -14.588071823120117,
    6.338715553283691
  ],
  "2:decay_exp": [
    -5.188340663909912,
    -4.547761420781171e-07
  ],
  "2:gate_silu": [
    -16.165124893188477,
    11.559730529785156
  ],
  "2:gated_rms_invsqrt": [
    1.9495649337768555,
    3462.2626953125
  ],
  "3:rms_invsqrt": [
    2.117614507675171,
    50.24473190307617
  ],
  "3:conv_silu": [
    -13.856348037719727,
    13.587752342224121
  ],
  "3:dt_softplus": [
    -5.654909133911133,
    9.259956359863281
  ],
  "3:decay_exp": [
    -1.7648181915283203,
    -0.00014088110765442252
  ],
  "3:gate_silu": [
    -10.861932754516602,
    20.055103302001953
  ],
  "3:gated_rms_invsqrt": [
    9.387264251708984,
    7696.51708984375
  ],
  "4:rms_invsqrt": [
    4.757114887237549,
    95.41876983642578
  ],
  "4:conv_silu": [
    -13.794464111328125,
    9.207368850708008
  ],
  "4:dt_softplus": [
    -13.221664428710938,
    13.205679893493652
  ],
  "4:decay_exp": [
    -26604.78125,
    -4.786029705883266e-08
  ],
  "4:gate_silu": [
    -10.588823318481445,
    12.842184066772461
  ],
  "4:gated_rms_invsqrt": [
    4.07408332824707,
    8105.27734375
  ],
  "5:rms_invsqrt": [
    12.271137237548828,
    207.25425720214844
  ],
  "5:conv_silu": [
    -11.68592357635498,
    16.3692569732666
  ],
  "5:dt_softplus": [
    -12.600213050842285,
    14.359654426574707
  ],
  "5:decay_exp": [
    -3.372981548309326,
    -2.092657602759118e-08
  ],
  "5:gate_silu": [
    -20.77686309814453,
    39.28046417236328
  ],
  "5:gated_rms_invsqrt": [
    2.086193561553955,
    28303.255859375
  ],
  "6:rms_invsqrt": [
    12.478367805480957,
    243.033935546875
  ],
  "6:conv_silu": [
    -41.4422607421875,
    12.07785415649414
  ],
  "6:dt_softplus": [
    -15.757526397705078,
    11.793145179748535
  ],
  "6:decay_exp": [
    -26641.1484375,
    -1.5836475186770116e-10
  ],
  "6:gate_silu": [
    -19.785659790039062,
    14.016213417053223
  ],
  "6:gated_rms_invsqrt": [
    0.5588194131851196,
    1572.8421630859375
  ],
  "7:rms_invsqrt": [
    19.11057472229004,
    259.9441833496094
  ],
  "7:conv_silu": [
    -15.180949211120605,
    14.34417724609375
  ],
  "7:dt_softplus": [
    -4.626328468322754,
    7.280747413635254
  ],
  "7:decay_exp": [
    -1.3443050384521484,
    -0.00023274226987268776
  ],
  "7:gate_silu": [
    -25.783306121826172,
    13.381758689880371
  ],
  "7:gated_rms_invsqrt": [
    9.166658401489258,
    3967.669921875
  ],
  "8:rms_invsqrt": [
    21.485219955444336,
    640.57080078125
  ],
  "8:conv_silu": [
    -16.29483985900879,
    8.843186378479004
  ],
  "8:dt_softplus": [
    -4.06526517868042,
    5.913783073425293
  ],
  "8:decay_exp": [
    -1.3655444383621216,
    -0.0002804114774335176
  ],
  "8:gate_silu": [
    -11.478967666625977,
    7.802009105682373
  ],
  "8:gated_rms_invsqrt": [
    3.717421531677246,
    81.60401153564453
  ],
  "9:rms_invsqrt": [
    31.424165725708008,
    622.3046264648438
  ],
  "9:conv_silu": [
    -10.633063316345215,
    26.640811920166016
  ],
  "9:dt_softplus": [
    -4.314638137817383,
    6.202048301696777
  ],
  "9:decay_exp": [
    -4.178475856781006,
    -0.0005916383815929294
  ],
  "9:gate_silu": [
    -6.319214820861816,
    6.934877395629883
  ],
  "9:gated_rms_invsqrt": [
    0.3484119772911072,
    15.088014602661133
  ],
  "10:rms_invsqrt": [
    38.72040939331055,
    623.9384765625
  ],
  "10:conv_silu": [
    -11.899770736694336,
    24.54338836669922
  ],
  "10:dt_softplus": [
    -9.828194618225098,
    11.468740463256836
  ],
  "10:decay_exp": [
    -1509.086669921875,
    -4.636062556073739e-08
  ],
  "10:gate_silu": [
    -7.96876859664917,
    11.39275074005127
  ],
  "10:gated_rms_invsqrt": [
    0.33327043056488037,
    580.212890625
  ],
  "11:rms_invsqrt": [
    43.4837760925293,
    647.5973510742188
  ],
  "11:conv_silu": [
    -11.496313095092773,
    14.244998931884766
  ],
  "11:dt_softplus": [
    -3.692216157913208,
    12.4227933883667
  ],
  "11:decay_exp": [
    -2.4291317462921143,
    -0.0012992691481485963
  ],
  "11:gate_silu": [
    -7.596982479095459,
    7.584804058074951
  ],
  "11:gated_rms_invsqrt": [
    0.6831923723220825,
    286.17376708984375
  ],
  "12:rms_invsqrt": [
    52.430564880371094,
    649.0743408203125
  ],
  "12:conv_silu": [
    -12.622967720031738,
    6.545888900756836
  ],
  "12:dt_softplus": [
    -5.501221179962158,
    9.204419136047363
  ],
  "12:decay_exp": [
    -3.996156692504883,
    -0.000120629119919613
  ],
  "12:gate_silu": [
    -8.389320373535156,
    6.676260948181152
  ],
  "12:gated_rms_invsqrt": [
    2.1708621978759766,
    430.170654296875
  ],
  "13:rms_invsqrt": [
    63.25731658935547,
    666.6607666015625
  ],
  "13:conv_silu": [
    -9.057855606079102,
    8.159940719604492
  ],
  "13:dt_softplus": [
    -8.956804275512695,
    0.21603751182556152
  ],
  "13:decay_exp": [
    -4.972989559173584,
    -0.0001413846475770697
  ],
  "13:gate_silu": [
    -7.3609843254089355,
    5.569303512573242
  ],
  "13:gated_rms_invsqrt": [
    0.07172855734825134,
    37.182308197021484
  ],
  "14:rms_invsqrt": [
    72.32157135009766,
    718.4017333984375
  ],
  "14:conv_silu": [
    -9.138461112976074,
    6.980759620666504
  ],
  "14:dt_softplus": [
    -7.439851760864258,
    2.444103240966797
  ],
  "14:decay_exp": [
    -1613.1978759765625,
    -7.179885142249987e-05
  ],
  "14:gate_silu": [
    -6.707840442657471,
    6.687046051025391
  ],
  "14:gated_rms_invsqrt": [
    0.00859182421118021,
    13.954773902893066
  ],
  "15:rms_invsqrt": [
    99.74059295654297,
    885.0433349609375
  ],
  "15:conv_silu": [
    -10.449541091918945,
    5.268208980560303
  ],
  "15:dt_softplus": [
    -8.555294036865234,
    9.774419784545898
  ],
  "15:decay_exp": [
    -2.227005958557129,
    -6.999734068813268e-06
  ],
  "15:gate_silu": [
    -7.950910568237305,
    6.789168834686279
  ],
  "15:gated_rms_invsqrt": [
    1.966001272201538,
    46.7443962097168
  ],
  "16:rms_invsqrt": [
    135.5358428955078,
    985.5355224609375
  ],
  "16:conv_silu": [
    -10.07199764251709,
    8.36334228515625
  ],
  "16:dt_softplus": [
    -7.506101608276367,
    10.576037406921387
  ],
  "16:decay_exp": [
    -20397.005859375,
    -1.7228323486051522e-05
  ],
  "16:gate_silu": [
    -5.1399149894714355,
    3.877382516860962
  ],
  "16:gated_rms_invsqrt": [
    0.018370183184742928,
    7.1401801109313965
  ],
  "17:rms_invsqrt": [
    170.06126403808594,
    1128.6353759765625
  ],
  "17:conv_silu": [
    -8.20167350769043,
    5.919501781463623
  ],
  "17:dt_softplus": [
    -3.379122018814087,
    6.064229965209961
  ],
  "17:decay_exp": [
    -2.1750667095184326,
    -0.001748567563481629
  ],
  "17:gate_silu": [
    -7.01290225982666,
    6.017728328704834
  ],
  "17:gated_rms_invsqrt": [
    0.7147927284240723,
    22.401762008666992
  ],
  "18:rms_invsqrt": [
    170.86773681640625,
    1638.0068359375
  ],