{
  "config": {
    "ring_dim": 16384,
    "batch": 8192,
    "depth": 40,
    "scaling_mod_size": 59,
    "first_mod_size": 60,
    "scaling_technique": "FLEXIBLEAUTO",
    "secret_key_dist": "uniform-ternary",
    "security": "not-set (toy)",
    "n_steps": 8,
    "b_norm": 3.0,
    "state_clip": 2.9,
    "decay_range": [
      0.85,
      0.999
    ],
    "arm_e_update_scale": 0.19687440434072256,
    "bootstrap": {
      "slots": 8192,
      "level_budget": [
        4,
        4
      ],
      "correction_factor": 0,
      "forced_input_towers": 18
    },
    "seed": 0,
    "error_target": 0.05,
    "reference_measurement": "~+4e-3/token on dgx encrypted Mamba-2 decode"
  },
  "arms": {
    "A_refresh_only": {
      "errors": [
        0.0004722873517023496,
        0.0006867316332059836,
        0.0008187360428412171,
        0.0011046529150956497,
        0.0009463426553120158,
        0.001366894838093713,
        0.0010480215395837766,
        0.0014900048259501864
      ],
      "levels": [
        22,
        22,
        22,
        22,
        22,
        22,
        22,
        22
      ],
      "seconds": 136.353,
      "notes": [],
      "fit": {
        "per_step_slope": 0.00012400759497140093,
        "intercept": 0.0004336747978518072,
        "linear_r2": 0.8075626192757291,
        "mean_step_delta": 0.00014538821060683382
      },
      "projected_tokens_to_5e-2": 399.7039472749984
    },
    "B_decay_mult_only": {
      "errors": [
        7.513989430663059e-13,
        9.250378241176804e-13,
        1.127986593019159e-12,
        1.1906031716080179e-12,
        1.4501733147653795e-12,
        1.2461143228392757e-12,
        1.341149413747189e-12,
        1.5081269566508126e-12
      ],
      "levels": [
        0,
        1,
        2,
        3,
        4,
        5,
        6,
        7
      ],
      "seconds": 1.999,
      "notes": [],
      "fit": {
        "per_step_slope": 9.51381830459143e-14,
        "intercept": 7.644519937701135e-13,
        "linear_r2": 0.8241654033116035,
        "mean_step_delta": 1.0810400194064381e-13
      },
      "projected_tokens_to_5e-2": 525551344354.61346
    },
    "C_decay_plus_refresh": {
      "errors": [
        0.0006250670397494051,
        0.0006667104111829358,
        0.0007203923725023209,
        0.000866562084986533,
        0.0008449317020641778,
        0.001464638979279953,
        0.0016588198041826985,
        0.0016606592221073413
      ],
      "levels": [
        22,
        22,
        22,
        22,
        22,
        22,
        22,
        22
      ],
      "seconds": 134.047,
      "notes": [],
      "fit": {
        "per_step_slope": 0.00017167621046327273,
        "intercept": 0.0002909297549221936,
        "linear_r2": 0.8681444017654666,
        "mean_step_delta": 0.00014794174033684802
      },
      "projected_tokens_to_5e-2": 289.5513019010414
    },
    "D_poly_in_the_loop": {
      "errors": [
        0.0005444411680559647,
        0.0006006921991357217,
        0.0007694324533090713,
        0.0009968945456759748,
        0.0009387647469321081,
        0.0009998085373268406,
        0.0010187779818649212,
        0.0010451438362704124
      ],
      "levels": [
        22,
        22,
        22,
        22,
        22,
        22,
        22,
        22
      ],
      "seconds": 167.36,
      "notes": [],
      "poly_fit_max_abs_err_vs_exp": 1.6888712650597881e-12,
      "poly": {
        "base_degree": 24,
        "squarings": 3,
        "base_interval": [
          -8.0,
          0.0
        ]
      },
      "fit": {
        "per_step_slope": 7.414697671972112e-05,
        "intercept": 0.0005305830383326318,
        "linear_r2": 0.8280511150490104,
        "mean_step_delta": 7.152895260206396e-05
      },
      "projected_tokens_to_5e-2": 667.1804994647856
    },
    "E_additive_update": {
      "errors": [
        0.00043421465977866447,
        0.000619471251410153,
        0.0007520196157452808,
        0.0007334227013971462,
        0.0008156323019494205,
        0.0008084112887997152,
        0.0009369713351133901,
        0.0010201393094800282
      ],
      "levels": [
        22,
        22,
        22,
        22,
        22,
        22,
        22,
        22
      ],
      "seconds": 146.642,
      "notes": [],
      "fit": {
        "per_step_slope": 7.071854269215847e-05,
        "intercept": 0.0004468018658445119,
        "linear_r2": 0.9097596733680835,
        "mean_step_delta": 8.37035213859091e-05
      },
      "projected_tokens_to_5e-2": 700.710114317021
    },
    "F16_meta_bts_amp16": {
      "errors": [
        8.106674886931842e-09,
        1.2216097688977356e-08,
        1.1030266255929178e-08,
        1.7977342003927532e-08,
        2.1758091273138547e-08,
        1.9657938221673277e-08,
        1.922577286261884e-08,
        2.1954022932924033e-08
      ],
      "levels": [
        23,
        23,
        23,
        23,
        23,
        23,
        23,
        23
      ],
      "seconds": 1191.926,
      "notes": [
        {
          "step": 1,
          "max_abs_r_amp": 9.820096909616456,
          "in_range": false
        },
        {
          "step": 2,
          "max_abs_r_amp": 14.802450614092942,
          "in_range": false
        },
        {
          "step": 3,
          "max_abs_r_amp": 11.048255437047398,
          "in_range": false
        },
        {
          "step": 4,
          "max_abs_r_amp": 10.103085557857359,
          "in_range": false
        },
        {
          "step": 5,
          "max_abs_r_amp": 8.377984714957224,
          "in_range": false
        },
        {
          "step": 6,
          "max_abs_r_amp": 16.667272806954234,
          "in_range": false
        },
        {
          "step": 7,
          "max_abs_r_amp": 9.869472855094866,
          "in_range": false
        },
        {
          "step": 8,
          "max_abs_r_amp": 10.037215330424075,
          "in_range": false
        }
      ],
      "amp_bits": 16,
      "fit": {
        "per_step_slope": 1.9243283018642397e-09,
        "intercept": 7.831298407376e-09,
        "linear_r2": 0.7947416215602674,
        "mean_step_delta": 1.9781925779988843e-09
      },
      "projected_tokens_to_5e-2": 25983088.29125617
    },
    "F12_meta_bts_amp12": {
      "errors": [
        1.1474748723427908e-07,
        1.5886227400230268e-07,
        2.0303641634633607e-07,
        1.9356008107429545e-07,
        2.6309911760336036e-07,
        2.4954955979428206e-07,
        2.652884563136837e-07,
        3.2428298224473906e-07
      ],
      "levels": [
        23,
        23,
        23,
        23,
        23,
        23,
        23,
        23
      ],
      "seconds": 794.465,
      "notes": [
        {
          "step": 1,
          "max_abs_r_amp": 0.6630206317644451,
          "in_range": true
        },
        {
          "step": 2,
          "max_abs_r_amp": 0.7409163850880265,
          "in_range": true
        },
        {
          "step": 3,
          "max_abs_r_amp": 0.6700650247295996,
          "in_range": true
        },
        {
          "step": 4,
          "max_abs_r_amp": 0.6821615211772953,
          "in_range": true
        },
        {
          "step": 5,
          "max_abs_r_amp": 0.6511091877847952,
          "in_range": true
        },
        {
          "step": 6,
          "max_abs_r_amp": 0.6123093152925467,
          "in_range": true
        },
        {
          "step": 7,
          "max_abs_r_amp": 0.5535629483351989,
          "in_range": true
        },
        {
          "step": 8,
          "max_abs_r_amp": 0.7299853391091309,
          "in_range": true
        }
      ],
      "amp_bits": 12,
      "fit": {
        "per_step_slope": 2.6285212422655102e-08,
        "intercept": 1.032698409247118e-07,
        "linear_r2": 0.922970497791669,
        "mean_step_delta": 2.993364214435143e-08
      },
      "projected_tokens_to_5e-2": 1902206.3023947412
    },