{
 "lambda_out": [
  27.342796325683594,
  0.7321437199910482,
  3.529230753580729,
  0.947117805480957,
  0.9908676147460938,
  2.1120707194010415,
  3.016352653503418,
  1.9280115763346355,
  1.4840761820475261,
  3.005067507425944,
  1.6125837961832683,
  3.926436106363932,
  2.320528030395508,
  10.347565015157064,
  29.558221499125164,
  2.223332722981771,
  11.016209920247396,
  9.685436884562174,
  17.22431182861328,
  318.1158701578776,
  15.148401260375977,
  39.190093676249184,
  63.126325607299805,
  67.14900334676106
 ],
 "lambda_carry": [
  4.42833158498009,
  3.980778157711029,
  4.674095970888932,
  4.008854428927104,
  4.496268617610137,
  4.212536383420229,
  4.285655294855435,
  4.226399585604668,
  4.108317196369171,
  3.929865856965383,
  4.3370573160549,
  4.184196392695109,
  3.855384886264801,
  4.2435348344345885,
  4.278012551367283,
  4.467283065120379,
  4.566741020729144,
  4.210073500871658,
  4.087052463243405,
  4.822725585351388,
  4.475257980326812,
  4.944939631968737,
  3.9593211064736047,
  4.234473376224439
 ]
}